Community,Species,Status,CUE,C_final
1,Sp1,Survival,0.5998668150641601,2.769212211218056
1,Sp2,Survival,0.5998507124898698,1.8861700330298967
1,Sp3,Survival,0.5999698559589097,0.9169657623112901
1,Sp4,Survival,0.6000187956398904,0.07477650869572985
1,Sp5,Survival,0.6001358802972908,1.6056641807758245
1,Sp6,Survival,0.6000615897091981,0.08635098308945398
1,Sp7,Survival,0.6000347624550756,1.585786572826731
1,Sp8,Survival,0.6001067596667637,3.951834416339273
1,Sp9,Survival,0.6000534559552149,0.31281734631204716
1,Sp10,Survival,0.5999455662511086,0.24804304414051526
1,Sp11,Survival,0.5999062044884645,0.3752006941958216
1,Sp12,Survival,0.5999164473742413,3.0264332835458116
1,Sp13,Survival,0.5999729177432617,3.5906302422525784
1,Sp14,Survival,0.5999606752909145,0.08705116750137076
1,Sp15,Survival,0.6001113199221526,1.8718675775155156
1,Sp16,Survival,0.6000051014036938,2.2269230891572813
1,Sp17,Survival,0.6000954563884947,2.1605727459463875
1,Sp18,Survival,0.6000009257190938,1.4009725494539276
1,Sp19,Survival,0.600050361563344,0.35099741286832753
1,Sp20,Survival,0.5997631464606591,2.276780706986618
1,Sp21,Survival,0.5998540890050954,0.5065159803143348
1,Sp22,Survival,0.5998949292172238,1.4046829087020374
1,Sp23,Survival,0.6000131960144948,2.5838846317663093
1,Sp24,Survival,0.5996373608830787,0.5986592829039759
1,Sp25,Survival,0.5999666316795436,0.026997260623852284
1,Sp26,Survival,0.5999852481532346,0.1921067569766245
1,Sp27,Survival,0.5999162295862459,0.3982356610577446
1,Sp28,Survival,0.6000219428036104,1.3431388029355689
1,Sp29,Survival,0.6000369681314308,0.6220890321223166
1,Sp30,Survival,0.6001043980134331,0.7632305712296125
1,Sp31,Survival,0.6001458788495857,1.1662748142024975
1,Sp32,Survival,0.5999666286747471,1.5042143151868146
1,Sp33,Survival,0.5999264996662479,0.4863751137439238
1,Sp34,Survival,0.5999516672653358,2.543077311752918
1,Sp35,Survival,0.5998880440737626,0.7254525166133879
1,Sp36,Survival,0.6000617183285915,0.10902083768479655
1,Sp37,Survival,0.5998559015441258,2.2367548331823115
1,Sp38,Survival,0.6002061558659023,2.0822028353160964
1,Sp39,Survival,0.6001415833076473,0.20064566059889016
1,Sp40,Survival,0.600034838801931,1.3742941330426386
1,Sp41,Survival,0.6000564321571125,0.0537514139649617
1,Sp42,Survival,0.6001629954903255,0.21943030011656667
1,Sp43,Survival,0.5998559980100019,2.740997345675037
1,Sp44,Survival,0.6002886497436533,0.2612826944722646
1,Sp45,Survival,0.6000019006178334,0.07524539757885675
1,Sp46,Survival,0.5999559585726209,0.2618781763529574
1,Sp47,Survival,0.6000976859282882,1.7094212094325822
1,Sp48,Survival,0.5999022595887755,0.1006518471412067
1,Sp49,Survival,0.6000983561675277,0.27233879843727776
1,Sp50,Survival,0.6000579339359629,4.511061117721341
1,Sp51,Survival,0.6002276392718982,0.2845502788773474
1,Sp52,Survival,0.6000070321597082,1.9066409449881108
1,Sp53,Survival,0.6000411154450687,3.8395339332790495
1,Sp54,Survival,0.5999129906196828,0.038370032547646676
1,Sp55,Survival,0.5997436557871844,0.5333008579449057
1,Sp56,Survival,0.6001323836163598,0.8177505672550931
1,Sp57,Survival,0.6001732257048094,0.4898436585383819
1,Sp58,Survival,0.600149670270255,0.6879734586221575
1,Sp59,Survival,0.6000730769159105,0.579430302902921
1,Sp60,Survival,0.6000145534203183,3.4102819360041225
1,Sp61,Survival,0.5998415018627208,2.1609855721273377
1,Sp62,Survival,0.5996280319255204,0.5948029063804211
1,Sp63,Survival,0.599918392355383,2.808944359323774
1,Sp64,Survival,0.6001297761032176,0.6723766586990735
1,Sp65,Survival,0.5997269219103465,2.036714107877483
1,Sp66,Survival,0.6000191985853531,0.40456685550252036
1,Sp67,Survival,0.5999182656881894,0.20278323517590485
1,Sp68,Survival,0.6000280108366289,0.38903444340989524
1,Sp69,Survival,0.6000056536952635,0.15150084848110662
1,Sp70,Survival,0.6000562244098904,0.5479178052947188
1,Sp71,Survival,0.5998781983297387,1.6704510434587025
1,Sp72,Survival,0.6001846328942053,4.619987689736447
1,Sp73,Survival,0.5998399048088003,0.1893894814887181
1,Sp74,Survival,0.6000181702272089,0.9781836945586617
1,Sp75,Survival,0.5999443858682247,3.5962300877888085
1,Sp76,Survival,0.6001688759171335,4.93399893357544
1,Sp77,Survival,0.6000625283184128,1.6851108017856513
1,Sp78,Survival,0.5996242732341652,2.316522051271408
1,Sp79,Survival,0.6001610813047411,3.015882621548914
1,Sp80,Survival,0.6000200105041789,1.5443442718011866
1,Sp81,Survival,0.5999587417144282,0.6593495996090115
1,Sp82,Survival,0.5999972572795793,0.08143642325116748
1,Sp83,Survival,0.5997239422613809,1.3996050524924002
1,Sp84,Survival,0.6000093033561592,1.3785194906617078
1,Sp85,Survival,0.6000817002935639,1.088598930278991
1,Sp86,Survival,0.5998620259165763,0.1368996799587451
1,Sp87,Survival,0.5999400027095303,0.048846722847300114
1,Sp88,Survival,0.6001382235010391,0.7651538887925056
1,Sp89,Survival,0.6001136121030164,2.1278647375050306
1,Sp90,Survival,0.6000825574006704,0.05828474508794791
1,Sp91,Survival,0.5999105998966879,6.187666422313334
1,Sp92,Survival,0.5999818827024233,2.240003509715463
1,Sp93,Survival,0.5999315933055522,3.0927228954408053
1,Sp94,Survival,0.6001699413018913,0.553874510885667
1,Sp95,Survival,0.5995837203595071,1.966964507800808
1,Sp96,Survival,0.5999011751073648,0.5567100996016953
1,Sp97,Survival,0.5999698111701934,0.6141595779060138
1,Sp98,Survival,0.6002268192891858,0.2630352311067106
1,Sp99,Survival,0.6000155527498482,0.1610825110613674
1,Sp100,Survival,0.6000005792174565,1.5161613079524434
1,Sp101,Survival,0.6000175165790191,0.8680406737375433
1,Sp102,Survival,0.5998670122080745,0.05977189482723989
1,Sp103,Survival,0.600000656816432,2.405240959989696
1,Sp104,Survival,0.600206154929738,0.7712511122589413
1,Sp105,Survival,0.600235598482946,0.1321916701259314
1,Sp106,Survival,0.5999937665589117,0.09974011693996848
1,Sp107,Survival,0.6000348979678674,1.048789241584865
1,Sp108,Survival,0.6000198024346326,1.1795103704599896
1,Sp109,Survival,0.6000706782816455,0.24650349474759187
1,Sp110,Survival,0.6001581764447927,1.854561670325847
1,Sp111,Survival,0.5999515142704869,1.6991431658771592
1,Sp112,Survival,0.6000190077990777,0.12727477461932857
1,Sp113,Survival,0.599914806859979,1.6863390582855158
1,Sp114,Survival,0.6001106155775359,2.64533904073864
1,Sp115,Survival,0.600090260565944,5.474753307509747
1,Sp116,Survival,0.6001072011421905,6.265039013411725
1,Sp117,Survival,0.5998640752266229,3.884346712886712
1,Sp118,Survival,0.5999146134449229,1.6323750285117216
1,Sp119,Survival,0.5999920132899461,0.2804225542008286
1,Sp120,Survival,0.5998702500785948,0.8454494182241367
1,Sp121,Survival,0.6001474511608278,0.7870619807916227
1,Sp122,Survival,0.6000698153566231,0.9396186290344583
1,Sp123,Survival,0.5999120979893656,0.5286578534296411
1,Sp124,Survival,0.5998378625232424,1.6708499055925856
1,Sp125,Survival,0.6000595161428186,1.180269203231017
1,Sp126,Survival,0.6001428754379353,0.006398378058250954
1,Sp127,Survival,0.5999612200001109,0.6450559436015385
1,Sp128,Survival,0.6002165900438075,2.0585759683410862
1,Sp129,Survival,0.5998388834318382,0.22663928822670593
1,Sp130,Survival,0.6000595063496993,0.2646289337562583
1,Sp131,Survival,0.6000096457203179,2.598476728278659
1,Sp132,Survival,0.6001327700450652,2.5178432774477932
1,Sp133,Survival,0.6001549621048147,1.272231504140057
1,Sp134,Survival,0.599732066919203,0.3104684779877306
1,Sp135,Survival,0.599925953977694,0.8998888219489517
1,Sp136,Survival,0.5998242146805403,0.14207263613170446
1,Sp137,Survival,0.6000321390415755,0.2972817259300279
1,Sp138,Survival,0.5999053019730417,3.798023012506671
1,Sp139,Survival,0.5998869207479134,2.7540269230403016
1,Sp140,Survival,0.6001952162580484,0.2354218575292434
1,Sp141,Survival,0.5997880909860859,0.774395565302793
1,Sp142,Survival,0.6001615231694406,3.76346718700284
1,Sp143,Survival,0.5999123951650394,2.3046502168560647
1,Sp144,Survival,0.6000302170427364,0.10271469982884347
1,Sp145,Survival,0.5999272060652429,1.0932043556847932
1,Sp146,Survival,0.5999871230198253,0.07738486236394841
1,Sp147,Survival,0.6000449144834379,0.8552233228234415
1,Sp148,Survival,0.6000989760466913,0.7738963427439391
1,Sp149,Survival,0.5997844379807873,4.1742445617212915
1,Sp150,Survival,0.6002323970025483,0.0977809178822666
1,Sp151,Survival,0.5998391469235294,0.6949033766796295
1,Sp152,Survival,0.6001616367545458,3.185678263682204
1,Sp153,Survival,0.6000559451140683,0.30796706236312044
1,Sp154,Survival,0.600046285193633,0.03532154949193924
1,Sp155,Survival,0.5999309857740803,0.7995880354914501
1,Sp156,Survival,0.5999644087642881,2.2788951059901397
1,Sp157,Survival,0.5999754043727703,0.44020687601430514
1,Sp158,Survival,0.5998935855681864,1.158048081983166
1,Sp159,Survival,0.5998546476463333,0.9756346290091886
1,Sp160,Survival,0.599985571052846,0.8852533599398934
1,Sp161,Survival,0.5998245882650872,5.7913860060188584
1,Sp162,Survival,0.5999355516542062,0.9090568493207735
1,Sp163,Survival,0.6000132632510169,3.107117620142571
1,Sp164,Survival,0.6001070714868002,0.5896239493615713
1,Sp165,Survival,0.6001471939044056,0.372489053342225
1,Sp166,Survival,0.5998169900431274,2.0789479599139367
1,Sp167,Survival,0.6000146081591659,2.986881539636915
1,Sp168,Survival,0.5997987982574188,0.3774906946637764
1,Sp169,Survival,0.6000677130921159,1.0401449138294565
1,Sp170,Survival,0.60001923593397,0.6029203383653648
1,Sp171,Survival,0.6000164493729521,0.6436418366735923
1,Sp172,Survival,0.6002191621762945,1.7838026614493947
1,Sp173,Survival,0.6000852793838859,2.193201343603134
1,Sp174,Survival,0.6003763397009901,0.341792878171085
1,Sp175,Survival,0.6000687706428741,1.7420482373523507
1,Sp176,Survival,0.599946623462372,0.9322501061729278
1,Sp177,Survival,0.6001368546875194,2.0894811409748644
1,Sp178,Survival,0.5999620172380248,0.029597730399749115
1,Sp179,Survival,0.5998889962056188,2.4201989379050133
1,Sp180,Survival,0.5999615157754853,1.249109245510248
1,Sp181,Survival,0.6000791498188818,0.1842025658938841
1,Sp182,Survival,0.6001411056517376,1.6435611517862359
1,Sp183,Survival,0.6000310866609969,0.44349089343516596
1,Sp184,Survival,0.5999646821283078,4.013619958106356
1,Sp185,Survival,0.6001551537581629,0.5181020557534888
1,Sp186,Survival,0.6002017574791725,0.043440702401056644
1,Sp187,Survival,0.6000818448218318,1.2779218732618105
1,Sp188,Survival,0.6001295426886237,0.659435050272894
1,Sp189,Survival,0.6001186604127768,1.890567507777999
1,Sp190,Survival,0.5999152820270495,0.3476665528707165
1,Sp191,Survival,0.5999455892058597,0.29923065109842933
1,Sp192,Survival,0.6000716864684685,1.696112261777961
1,Sp193,Survival,0.5999638595187984,1.4487923582948388
1,Sp194,Survival,0.6003641356974037,0.9820164338065769
1,Sp195,Survival,0.5998544551818387,0.27493678015448075
1,Sp196,Survival,0.6000748101777986,1.1531067033574967
1,Sp197,Survival,0.600068304357585,0.33922359323137086
1,Sp198,Survival,0.6000168327892729,0.48925138823204045
1,Sp199,Survival,0.5998862971624814,1.0238256203643468
1,Sp200,Survival,0.6000999170461085,0.12589738013166957
1,Sp201,Survival,0.5999136444054957,0.2992383058540473
1,Sp202,Survival,0.5998834867734465,0.7494667616849405
1,Sp203,Survival,0.6000295254830936,2.8352601828802415
1,Sp204,Survival,0.5998943789311177,0.6200555946105547
1,Sp205,Survival,0.599873123038585,0.7146360454109795
1,Sp206,Survival,0.600184247235452,3.3173774107912344
1,Sp207,Survival,0.6002657833206013,0.17601730110103642
1,Sp208,Survival,0.5997900652351609,1.1169165076124472
1,Sp209,Survival,0.6000761101929983,0.3579005358082736
1,Sp210,Survival,0.6001035660454139,0.058922462637602195
1,Sp211,Survival,0.6000446570353093,2.709456738676246
1,Sp212,Survival,0.6000334902108964,1.9732878416516728
1,Sp213,Survival,0.5997723714853506,0.33880940612460064
1,Sp214,Survival,0.6001581333440484,0.04928476497191018
1,Sp215,Survival,0.5998449970590664,4.35579241538244
1,Sp216,Survival,0.5999517347257465,0.00784208318449905
1,Sp217,Survival,0.5999746918264622,1.7334014465277716
1,Sp218,Survival,0.5998303346551996,2.0245776333781866
1,Sp219,Survival,0.599813070568026,0.014879129438701108
1,Sp220,Survival,0.599816683121664,4.08778803176684
1,Sp221,Survival,0.5997779601000514,0.15649105926288343
1,Sp222,Survival,0.5998091857088363,0.575177754074579
1,Sp223,Survival,0.6001535655256227,3.2665282453197846
1,Sp224,Survival,0.599890082079303,0.27322891503536434
1,Sp225,Survival,0.6001773111729554,0.5267813699554396
1,Sp226,Survival,0.6000065749367409,2.242223207546328
1,Sp227,Survival,0.6000515324002498,0.5104761847109506
1,Sp228,Survival,0.599986860304915,0.016983999564098556
1,Sp229,Survival,0.6001063379476546,0.12328158682030134
1,Sp230,Survival,0.6000116282612571,0.366436825656233
1,Sp231,Survival,0.5999002287019282,2.730231926561399
1,Sp232,Survival,0.6000528099624786,1.4383081440189283
1,Sp233,Survival,0.5997599006467096,0.284687311140442
1,Sp234,Survival,0.6000447946854105,0.11449644778410813
1,Sp235,Survival,0.6000319032121499,0.5812710456829505
1,Sp236,Survival,0.6001093464170832,1.7922692063493868
1,Sp237,Survival,0.5999749067602467,0.5078823304361213
1,Sp238,Survival,0.599839256692907,0.4378580272052852
1,Sp239,Survival,0.5999593860085457,0.6396297669705051
1,Sp240,Survival,0.6000463774977749,0.2931299496498387
1,Sp241,Survival,0.5999351158978405,3.2275264201564355
1,Sp242,Survival,0.599966166603061,1.3331776819546801
1,Sp243,Survival,0.6002974566015128,0.6645922586120293
1,Sp244,Survival,0.6001257478164199,0.21155539765324144
1,Sp245,Survival,0.599991790504055,0.1560693002165751
1,Sp246,Survival,0.5998411003146782,2.3240356047772432
1,Sp247,Survival,0.6000187224992748,2.074728130756724
1,Sp248,Survival,0.5999930843202932,0.5042623994308709
1,Sp249,Survival,0.6001082433103726,0.5965566083048424
1,Sp250,Survival,0.5999148394960327,1.3166657973965494
1,Sp251,Survival,0.6001445787584119,2.4068746022558236
1,Sp252,Survival,0.6000888478800471,0.30396724943431874
1,Sp253,Survival,0.5998683823582935,0.3780010207775009
1,Sp254,Survival,0.6000077649553466,0.20879323257044957
1,Sp255,Survival,0.5998581026285281,1.1545483397380623
1,Sp256,Survival,0.6002676069956743,0.0012696040036872629
1,Sp257,Survival,0.6001746550112984,1.8089251745729644
1,Sp258,Survival,0.6001319676917738,0.1622772156233871
1,Sp259,Survival,0.6000196987469475,1.3479709245015667
1,Sp260,Survival,0.6000830941970542,0.05747039467221176
1,Sp261,Survival,0.6000667742703207,1.9242464780991335
1,Sp262,Survival,0.6000203084392821,0.9502396352332813
1,Sp263,Survival,0.5999907079990157,1.6517607934766099
1,Sp264,Survival,0.599651307518059,0.7770265118782651
1,Sp265,Survival,0.5999794969949703,2.075137123174386
1,Sp266,Survival,0.6001636441068143,0.11030265849575441
1,Sp267,Survival,0.6001226905513657,1.0780554262334565
1,Sp268,Survival,0.6000761701990214,0.37267063233094255
1,Sp269,Survival,0.6001978813367865,0.5376535088697886
1,Sp270,Survival,0.6003558121403861,0.1980259146875479
1,Sp271,Survival,0.6001813587672262,0.4102302348568129
1,Sp272,Survival,0.5998766026360225,0.1749914846530542
1,Sp273,Survival,0.5999186377298342,2.1105548039229625
1,Sp274,Survival,0.6001493762467074,2.699210410834379
1,Sp275,Survival,0.6000822090287075,3.0056156218489734
1,Sp276,Survival,0.5999983689491556,1.729356441103056
1,Sp277,Survival,0.599891325206411,2.129884763969533
1,Sp278,Survival,0.6000084954256641,1.6939962437037286
1,Sp279,Survival,0.5999518651618827,0.36092067344878576
1,Sp280,Survival,0.600037353749484,0.24746923586700606
1,Sp281,Survival,0.600217989013975,2.5395976191225293
1,Sp282,Survival,0.5998160605449632,1.835431532434008
1,Sp283,Survival,0.6002011301342888,1.8592089866658874
1,Sp284,Survival,0.5999989259189678,2.832016410820537
1,Sp285,Survival,0.5997698016396591,0.5227947198301794
1,Sp286,Survival,0.5998949132050351,0.15445822361333372
1,Sp287,Survival,0.600206254978525,0.16602431415156088
1,Sp288,Survival,0.5999666103207056,0.8075634646716932
1,Sp289,Survival,0.5998769174220389,0.1831832924202746
1,Sp290,Survival,0.5998606313027517,0.47544629962527396
1,Sp291,Survival,0.600226073637474,0.3183045086854299
1,Sp292,Survival,0.5999718888647949,0.0639627169745443
1,Sp293,Survival,0.5998593876983668,0.441784715850973
1,Sp294,Survival,0.599904772048113,1.8827719967868217
1,Sp295,Survival,0.5999586403307116,2.8889812311932404
1,Sp296,Survival,0.6002553094764375,1.6447889562286147
1,Sp297,Survival,0.5999479970385178,2.947421618113551
1,Sp298,Survival,0.6001155476447567,1.4931571270625885
1,Sp299,Survival,0.5999629718126769,2.880104961803473
1,Sp300,Survival,0.5998946868345838,3.8548353727128077
1,Sp301,Survival,0.6000948703896292,2.4277685194589993
1,Sp302,Survival,0.5999595544475069,1.6521284176875466
1,Sp303,Survival,0.5998097522014122,0.5957093800747317
1,Sp304,Survival,0.5999917632189563,1.8662106874560282
1,Sp305,Survival,0.5998061559539021,1.597952806572148
1,Sp306,Survival,0.6003012988275841,3.535100256704512
1,Sp307,Survival,0.600001314933053,2.2480399179853805
1,Sp308,Survival,0.6000390987895435,2.3375535179008162
1,Sp309,Survival,0.6000953002429257,0.006576126082156653
1,Sp310,Survival,0.6002261958091033,2.203247045630244
1,Sp311,Survival,0.6001999724850402,0.9209752268503744
1,Sp312,Survival,0.5997685310869816,0.2744016109662169
1,Sp313,Survival,0.5997840471683313,1.5246509878000307
1,Sp314,Survival,0.6000657946992151,0.25627725528267026
1,Sp315,Survival,0.5999083771731555,0.0508718147860621
1,Sp316,Survival,0.5999659908570352,0.2805236440552752
1,Sp317,Survival,0.5999311127539495,1.9186138272230258
1,Sp318,Survival,0.6000106569074244,0.6000830217237604
1,Sp319,Survival,0.5997985502530652,2.7365323934877366
1,Sp320,Survival,0.6000061587250884,1.693734837641301
1,Sp321,Survival,0.5998908767102764,0.3710663583304834
1,Sp322,Survival,0.5998257844662722,4.446487202202618
1,Sp323,Survival,0.5999385129749171,0.10923846213200607
1,Sp324,Survival,0.5998496818288399,1.101900106114471
1,Sp325,Survival,0.5999056801023253,0.49334893044072425
1,Sp326,Survival,0.5998932251929187,0.6936624097670525
1,Sp327,Survival,0.6001569991412936,2.024529806536023
1,Sp328,Survival,0.5998254967326553,1.5172072697886778
1,Sp329,Survival,0.6003348017493635,1.1733668367683354
1,Sp330,Survival,0.5998803631887333,0.7472941368469694
1,Sp331,Survival,0.5998233495245027,1.2728269216645176
1,Sp332,Survival,0.6001520998006317,1.8916453723849276
1,Sp333,Survival,0.5999199609854409,2.619838030925752
1,Sp334,Survival,0.6001286132283108,0.046118952522924805
1,Sp335,Survival,0.600063796883499,2.84945474630277
1,Sp336,Survival,0.5997949237644671,0.7509628112481954
1,Sp337,Survival,0.60008046551501,0.9323071625723498
1,Sp338,Survival,0.6000143675747173,1.040274426564465
1,Sp339,Survival,0.6001443492539574,0.24910358039668337
1,Sp340,Survival,0.5998692160349254,1.0664309870661672
1,Sp341,Survival,0.6000749742387751,0.34057405209702796
1,Sp342,Survival,0.5999023300129591,5.0385207761834865
1,Sp343,Survival,0.5998890437163629,0.7489734286481552
1,Sp344,Survival,0.5999838623400257,0.4714324282652901
1,Sp345,Survival,0.6000197277856028,1.3363994459726805
1,Sp346,Survival,0.5999272129314963,1.9300891451302695
1,Sp347,Survival,0.6002373165562602,0.14910616949595576
1,Sp348,Survival,0.5997505030894434,0.08857457786149796
1,Sp349,Survival,0.6002745381076383,0.2436605791718532
1,Sp350,Survival,0.6000718784713535,0.6682442665124563
1,Sp351,Survival,0.5999646485861443,0.00882644950655527
1,Sp352,Survival,0.6003672635186186,1.4642674395438686
1,Sp353,Survival,0.5999019574059583,1.1476632414769947
1,Sp354,Survival,0.6000165154089714,1.1687199039951797
1,Sp355,Survival,0.6002000826870495,0.763021828151445
1,Sp356,Survival,0.5999556564227699,2.5338595014259093
1,Sp357,Survival,0.599923790198307,2.8361132518706285
1,Sp358,Survival,0.6000902799821852,2.4800624552377797
1,Sp359,Survival,0.599826809206908,3.339531389128438
1,Sp360,Survival,0.5999623035629169,2.432268608255493
1,Sp361,Survival,0.5997491238365081,4.099103558850036
1,Sp362,Survival,0.6000318194376522,2.826886330785576
1,Sp363,Survival,0.599822509502727,0.1547393146499867
1,Sp364,Survival,0.5998017349755658,0.3590331456634073
1,Sp365,Survival,0.5999824766274204,0.86120161085655
1,Sp366,Survival,0.5999088104935238,0.47702847534271287
1,Sp367,Survival,0.5998746191632633,5.723773224300249
1,Sp368,Survival,0.5997401957813104,2.5410605199550185
1,Sp369,Survival,0.6000384096538982,0.3925844615499546
1,Sp370,Survival,0.599866329808409,2.7017069643271427
1,Sp371,Survival,0.6001939239388607,1.0579849965234371
1,Sp372,Survival,0.5999496395172734,0.6697308829044003
1,Sp373,Survival,0.600175762377072,1.9992073336032854
1,Sp374,Survival,0.6000471351332998,0.3409239254582434
1,Sp375,Survival,0.5999195353508853,1.6394098028411963
1,Sp376,Survival,0.5998661125014553,1.826558752971127
1,Sp377,Survival,0.5998987233413189,1.6171445017178512
1,Sp378,Survival,0.6001224544378911,1.4373072526331243
1,Sp379,Survival,0.6001473057009992,3.2573835202705936
1,Sp380,Survival,0.5996906209615308,0.24851502147427637
1,Sp381,Survival,0.6000081515318277,3.345707493104711
1,Sp382,Survival,0.5999850708459393,1.726534788779851
1,Sp383,Survival,0.5999816294597995,0.09056510802071409
1,Sp384,Survival,0.6001594570724753,1.5211297338766818
1,Sp385,Survival,0.6001828540148465,1.718724844784856
1,Sp386,Survival,0.600025221738592,1.983721855778679
1,Sp387,Survival,0.5998637504139486,2.7070682959301746
1,Sp388,Survival,0.6001336659718304,3.8858166243019228
1,Sp389,Survival,0.6001306211569211,2.5028641411679406
1,Sp390,Survival,0.6001250907387901,1.5062082565713348
1,Sp391,Survival,0.5997970471220587,1.68677488200829
1,Sp392,Survival,0.5999795370581111,3.7803032282553986
1,Sp393,Survival,0.6000031669592503,2.7257003140976264
1,Sp394,Survival,0.60027637776864,0.04282047593875762
1,Sp395,Survival,0.5999880104860411,3.7394144911499816
1,Sp396,Survival,0.6000998444153665,0.7176083293120632
1,Sp397,Survival,0.6002031738206522,3.437241036825608
1,Sp398,Survival,0.5999931008502222,0.519480667081191
1,Sp399,Survival,0.6001859712564299,0.09294542013801342
1,Sp400,Survival,0.5998137561818271,2.8700188875745893
1,Sp401,Survival,0.5999534657703376,2.4661547285058836
1,Sp402,Survival,0.6001216617719131,2.096997837814554
1,Sp403,Survival,0.5996593292829464,0.2465131022570946
1,Sp404,Survival,0.6000455238498141,3.1545268056028912
1,Sp405,Survival,0.6002619112274361,0.5166251544436884
1,Sp406,Survival,0.5999805080233855,3.7414296076946636
1,Sp407,Survival,0.6002106962967872,0.4205853198869763
1,Sp408,Survival,0.6000912012560147,0.5989419075601032
1,Sp409,Survival,0.6000361383001314,2.3291190208936916
1,Sp410,Survival,0.5998876675235698,3.5858588673404483
1,Sp411,Survival,0.5999436199181489,0.11749354572721957
1,Sp412,Survival,0.6000817478912768,2.108045695872336
1,Sp413,Survival,0.6000790133393176,0.07754559348150462
1,Sp414,Survival,0.6001353419278734,3.7624390313463354
1,Sp415,Survival,0.6001685306155979,0.1879641719192977
1,Sp416,Survival,0.6000858164586745,2.7606409567986554
1,Sp417,Survival,0.5999499466125444,0.6771286985576163
1,Sp418,Survival,0.6003251913121214,1.8909546133710817
1,Sp419,Survival,0.599948298930925,3.5561284313674495
1,Sp420,Survival,0.600089745034609,0.4067174503418892
1,Sp421,Survival,0.600117088375274,1.2085754462975609
1,Sp422,Survival,0.6000089559228354,3.9794706139320817
1,Sp423,Survival,0.6000632816676723,2.8432080426773765
1,Sp424,Survival,0.6000524547395949,1.940616626166496
1,Sp425,Survival,0.600060031668782,1.0837221671983885
1,Sp426,Survival,0.5998985009863727,0.041936928739409664
1,Sp427,Survival,0.6000323512711987,1.4367421034335692
1,Sp428,Survival,0.6001871160285946,0.2208661966339095
1,Sp429,Survival,0.6001864936792234,1.8527811006799129
1,Sp430,Survival,0.6001828313689306,0.677186833609788
1,Sp431,Survival,0.5999378469306456,0.1429321049946093
1,Sp432,Survival,0.6000133711729085,1.315076705040815
1,Sp433,Survival,0.6001121401580297,1.2723783689489807
1,Sp434,Survival,0.5997794426623275,0.012669722444670966
1,Sp435,Survival,0.5998840419519829,4.795516378399363
1,Sp436,Survival,0.6000894116652891,4.562324632394511
1,Sp437,Survival,0.6000789544506726,1.0198097017174905
1,Sp438,Survival,0.5999559264408205,0.27159110237801815
1,Sp439,Survival,0.6000310805514739,1.7741671375183459
1,Sp440,Survival,0.6001541228596169,0.6516478990098127
1,Sp441,Survival,0.6002216231405828,0.8201288444030339
1,Sp442,Survival,0.5999802934710066,0.48549796220275254
1,Sp443,Survival,0.5999669391643281,0.12489398969655502
1,Sp444,Survival,0.5999222609897079,4.292298477029542
1,Sp445,Survival,0.6000175430189293,0.06090028696100901
1,Sp446,Survival,0.6000811486303814,2.704543701435746
1,Sp447,Survival,0.5999194179846132,1.813205812350039
1,Sp448,Survival,0.5999512052530651,3.8777946370308727
1,Sp449,Survival,0.6001274701429717,2.027719026301313
1,Sp450,Survival,0.6000982185374923,1.501292198656389
1,Sp451,Survival,0.6000441853582402,2.116534725644737
1,Sp452,Survival,0.6002124403615354,1.3538650945268544
1,Sp453,Survival,0.5999299108415946,0.517015013378541
1,Sp454,Survival,0.599926314381069,0.02776997643101834
1,Sp455,Survival,0.5999802527187343,1.1215799961891402
1,Sp456,Survival,0.6000855169051722,0.24897533278598707
1,Sp457,Survival,0.5998122288174892,1.5904030868341563
1,Sp458,Survival,0.6000016464484215,1.5478473802869215
1,Sp459,Survival,0.5999954760614828,0.0628676543000322
1,Sp460,Survival,0.6000871736163436,1.1201804282676942
1,Sp461,Survival,0.5999375551404365,0.13615254407090938
1,Sp462,Survival,0.5997232781841215,0.17065271964070922
1,Sp463,Survival,0.5997934579063802,0.08570037316905761
1,Sp464,Survival,0.6001193042212497,0.3970990199402846
1,Sp465,Survival,0.5999859161021487,0.4976976947609618
1,Sp466,Survival,0.5999762601531216,0.4419256801211125
1,Sp467,Survival,0.6000536585763019,0.08073056484721619
1,Sp468,Survival,0.599990118041136,4.39466876719631
1,Sp469,Survival,0.599864312496788,0.11628569213556765
1,Sp470,Survival,0.599937188614484,0.5700870197531546
1,Sp471,Survival,0.5999670998176487,2.3136733687373052
1,Sp472,Survival,0.6002268740237229,0.04639177339354089
1,Sp473,Survival,0.5999249660472383,5.10050580709952
1,Sp474,Survival,0.6000312817811073,0.8390885328771831
1,Sp475,Survival,0.6001114295100344,1.641042877785158
1,Sp476,Survival,0.6000500270688658,0.13540189206896294
1,Sp477,Survival,0.6000018274917392,0.06214185319763684
1,Sp478,Survival,0.6001227201803712,3.030271587217628
1,Sp479,Survival,0.5999955804049234,0.8712218822182184
1,Sp480,Survival,0.6000518646648954,0.15531805700534523
1,Sp481,Survival,0.6001316554097851,0.9336535412848029
1,Sp482,Survival,0.5997828854518068,1.3338912444985946
1,Sp483,Survival,0.6002079578730841,0.2961491882014609
1,Sp484,Survival,0.5998722603180688,1.0494760815296762
1,Sp485,Survival,0.5997042168981386,1.7144756518987165
1,Sp486,Survival,0.5999713649384935,0.212370497825849
1,Sp487,Survival,0.6001459880929851,2.7079435506297576
1,Sp488,Survival,0.5998592895498778,6.63258038170765
1,Sp489,Survival,0.5998998962973237,2.953305225931054
1,Sp490,Survival,0.5999771514953249,0.9104191487387864
1,Sp491,Survival,0.5997753291078171,0.15041238825859432
1,Sp492,Survival,0.600088110457963,0.5586904069228481
1,Sp493,Survival,0.6000340858396671,1.0963051002061512
1,Sp494,Survival,0.599907649386251,2.4879825297894738
1,Sp495,Survival,0.600043123472707,0.3191041484467498
1,Sp496,Survival,0.5999487994896657,4.643789642681834
1,Sp497,Survival,0.6000915163747471,1.2528652523748582
1,Sp498,Survival,0.5998770733262658,1.4890195812280962
1,Sp499,Survival,0.600143845986272,3.306624365201664
1,Sp500,Survival,0.6000186536623073,1.493671143184555
1,Sp501,Survival,0.5999737638830086,4.846676849588898
1,Sp502,Survival,0.6001431675656013,0.03837095480517273
1,Sp503,Survival,0.5999785617634921,1.062798043001306
1,Sp504,Survival,0.5998140909332894,1.0439812144035612
1,Sp505,Survival,0.5999886243511332,0.5476531227988487
1,Sp506,Survival,0.599656806613013,0.08138145367451552
1,Sp507,Survival,0.6000377814959049,0.07299356986758455
1,Sp508,Survival,0.5999500768371926,0.30822434989645686
1,Sp509,Survival,0.6001718315840217,1.7578663311332352
1,Sp510,Survival,0.599765828618588,0.04083050492879706
1,Sp511,Survival,0.6000592758336376,1.273060721985226
1,Sp512,Survival,0.6000564800406769,0.969038875556184
1,Sp513,Survival,0.5997907931852999,0.862164510312133
1,Sp514,Survival,0.5999836103108583,1.2487064602139775
1,Sp515,Survival,0.6001382465139993,0.37114501265421374
1,Sp516,Survival,0.6002000220388932,3.4961623431676103
1,Sp517,Survival,0.5998042150636251,1.5625091819463388
1,Sp518,Survival,0.6001849005190667,0.1503619314001943
1,Sp519,Survival,0.6001579121784342,0.06222001881524577
1,Sp520,Survival,0.6001684364683444,0.04115691431925326
1,Sp521,Survival,0.6001269468491638,3.1190811968936543
1,Sp522,Survival,0.6000904391997377,0.9847826063298036
1,Sp523,Survival,0.6000365146001159,0.2886375342996671
1,Sp524,Survival,0.6000016741478218,1.1040293431399804
1,Sp525,Survival,0.5999429124372786,1.2222999037477855
1,Sp526,Survival,0.5999475650106247,3.168000902187827
1,Sp527,Survival,0.5999083692603351,4.438556900583603
1,Sp528,Survival,0.5998289667419185,1.3477776117153033
1,Sp529,Survival,0.5997565680076287,0.16639717354437572
1,Sp530,Survival,0.6000503451848989,6.471945109686229
1,Sp531,Survival,0.5999974237901823,0.24681407501558655
1,Sp532,Survival,0.6001094478783817,0.8702674747612641
1,Sp533,Survival,0.5997383949624047,1.8472008204339176
1,Sp534,Survival,0.5999989588783193,5.838584614419436
1,Sp535,Survival,0.5999291063925725,1.1808874264299964
1,Sp536,Survival,0.5999165969680474,0.29975482350294996
1,Sp537,Survival,0.5999814090943915,0.20103935683150673
1,Sp538,Survival,0.5999549385688383,0.014636305276779622
1,Sp539,Survival,0.6001311193833142,3.608411290267982
1,Sp540,Survival,0.6000603556176818,1.4280444667067125
1,Sp541,Survival,0.6000225213940429,1.715756935577684
1,Sp542,Survival,0.6002397954707429,1.8218153973083084
1,Sp543,Survival,0.5996737530990945,0.6503721280300795
1,Sp544,Survival,0.5999221365724045,0.13274363470220488
1,Sp545,Survival,0.5999368126666749,0.6164653630130822
1,Sp546,Survival,0.5997880754363489,1.0089060648931605
1,Sp547,Survival,0.5999414162284001,2.638350629271534
1,Sp548,Survival,0.5998832918343371,0.8019914672327499
1,Sp549,Survival,0.6000190815305018,1.1816491608608144
1,Sp550,Survival,0.5998750932956753,0.31804668647897494
1,Sp551,Survival,0.5999072017512207,2.5202589012472876
1,Sp552,Survival,0.6002079923238275,3.0911760566749122
1,Sp553,Survival,0.6002515955123112,0.20003400577331568
1,Sp554,Survival,0.6000502746242947,0.643327359153147
1,Sp555,Survival,0.5999491808567102,0.2778776032881929
1,Sp556,Survival,0.5998939241428889,4.537531391552418
1,Sp557,Survival,0.5997408157922552,0.4491133205985872
1,Sp558,Survival,0.5999254961685077,0.23953922826757923
1,Sp559,Survival,0.6000256129195101,5.265194718210299
1,Sp560,Survival,0.6000929534068014,0.3041062188492183
1,Sp561,Survival,0.6000531778529081,0.28312083963470613
1,Sp562,Survival,0.6001437064180456,1.7293955549422035
1,Sp563,Survival,0.5998764613034047,0.8130410949072155
1,Sp564,Survival,0.6000515869386615,0.030477792192423886
1,Sp565,Survival,0.6001980849916033,2.4834044222327325
1,Sp566,Survival,0.6000205591699317,0.023118326591859834
1,Sp567,Survival,0.6001386433566653,2.046683347815667
1,Sp568,Survival,0.5998734166701709,5.710666790864878
1,Sp569,Survival,0.5999985114687192,1.179720135024061
1,Sp570,Survival,0.5999709626530627,0.3139972107848031
1,Sp571,Survival,0.599919701996346,0.7265861764903536
1,Sp572,Survival,0.600094226098296,0.41856357942798916
1,Sp573,Survival,0.5998552779244726,0.5967037185523778
1,Sp574,Survival,0.6001930718576958,0.5149885592095022
1,Sp575,Survival,0.5999061555411954,0.08140950605173225
1,Sp576,Survival,0.600004717965438,4.728885004614984
1,Sp577,Survival,0.5998720007488165,0.8090006107303626
1,Sp578,Survival,0.5998858839489354,0.09531706403119279
1,Sp579,Survival,0.6000613804746104,6.115883692766798
1,Sp580,Survival,0.600040299652588,0.28720659396118897
1,Sp581,Survival,0.5998110960393309,1.051299932343237
1,Sp582,Survival,0.599850606108136,1.8756000736320984
1,Sp583,Survival,0.5999494993993306,0.5595569156819109
1,Sp584,Survival,0.6001883012991323,0.5911062720961819
1,Sp585,Survival,0.5999831478125077,0.6469212447191696
1,Sp586,Survival,0.600153254435066,1.5043609887519889
1,Sp587,Survival,0.6000223565915962,0.8383581457925565
1,Sp588,Survival,0.600082201000431,2.3231033712955083
1,Sp589,Survival,0.6001171661234183,1.210078849091115
1,Sp590,Survival,0.5999809044407629,1.696973188902032
1,Sp591,Survival,0.6000695423675911,3.4144013339773127
1,Sp592,Survival,0.599972895487505,0.4910655499576025
1,Sp593,Survival,0.6002210288580301,1.339053393201261
1,Sp594,Survival,0.6000446209094736,2.118908958477501
1,Sp595,Survival,0.5999560428058572,0.7186840798352564
1,Sp596,Survival,0.6001430351964291,2.9472476685694344
1,Sp597,Survival,0.5997945632414166,0.23819573329863847
1,Sp598,Survival,0.6000281834299082,0.17345322159238005
1,Sp599,Survival,0.5997998470739059,0.8350026341098868
1,Sp600,Survival,0.5999884748267319,0.431839838467522
1,Sp601,Survival,0.6000394006895706,0.4187651498483477
1,Sp602,Survival,0.5995611857890664,2.443133020417566
1,Sp603,Survival,0.5998866891936653,1.829132476265145
1,Sp604,Survival,0.6000619677764659,0.8946974524014294
1,Sp605,Survival,0.6001054641945945,1.0849871556016455
1,Sp606,Survival,0.6000494000053346,1.8346340124705178
1,Sp607,Survival,0.600080997934429,0.11773031204677552
1,Sp608,Survival,0.6000026219268656,3.5007907279603963
1,Sp609,Survival,0.5996816733621797,2.6606587288012777
1,Sp610,Survival,0.5997758154778842,2.6401298082972695
1,Sp611,Survival,0.5998601373208692,1.0831027230430004
1,Sp612,Survival,0.599715103576723,1.8644757851734781
1,Sp613,Survival,0.5999294593379435,0.6169731483560056
1,Sp614,Survival,0.5999818974303586,0.09393543164563357
1,Sp615,Survival,0.5999306430853015,0.07605524488865331
1,Sp616,Survival,0.5998903719342525,0.6172358570745557
1,Sp617,Survival,0.6000704674468836,1.0389988251125821
1,Sp618,Survival,0.5999920694951753,0.10815838005102596
1,Sp619,Survival,0.5999781234853576,3.8374048283750626
1,Sp620,Survival,0.5998364090420925,1.6733037625774165
1,Sp621,Survival,0.5999343408082125,2.079737300791394
1,Sp622,Survival,0.6000317237535653,1.753929240489321
1,Sp623,Survival,0.599850605199296,1.8233815388429353
1,Sp624,Survival,0.5999159341722171,4.511600006969169
1,Sp625,Survival,0.6000645775995972,1.6386940860756014
1,Sp626,Survival,0.5999551311043704,0.6857086423496659
1,Sp627,Survival,0.6002227941490422,1.1820733884301395
1,Sp628,Survival,0.5999242257724475,0.9552087605805722
1,Sp629,Survival,0.6000648734744145,3.0349635136526074
1,Sp630,Survival,0.59994881300237,7.426019220138642
1,Sp631,Survival,0.6002506734913072,0.3165396950072168
1,Sp632,Survival,0.5999150796359742,0.16610345748422778
1,Sp633,Survival,0.5998461509030781,2.0579279803737034
1,Sp634,Survival,0.5999495256064211,2.4900010169651106
1,Sp635,Survival,0.5998040973021899,1.6220397458896902
1,Sp636,Survival,0.6000691272970864,0.4630946245219336
1,Sp637,Survival,0.599908051666639,2.540541276327632
1,Sp638,Survival,0.5998108257005293,1.4206940635294385
1,Sp639,Survival,0.6000306414726716,0.07164343088133679
1,Sp640,Survival,0.5998500951331047,3.8779437543655755
1,Sp641,Survival,0.5999821639870687,2.896269935013085
1,Sp642,Survival,0.5998281857346494,0.5140129055077254
1,Sp643,Survival,0.5999838159629247,0.7948596508851832
1,Sp644,Survival,0.6002261837874896,4.2617009046034715
1,Sp645,Survival,0.6000198588147656,3.8801558103675777
1,Sp646,Survival,0.599734447283392,2.1002280825701476
1,Sp647,Survival,0.6000088640696581,1.2425379543300905
1,Sp648,Survival,0.5998350031992051,4.526360078930437
1,Sp649,Survival,0.6002192888616453,0.7986943309491462
1,Sp650,Survival,0.6001230788626715,2.168744732627908
1,Sp651,Survival,0.5999225664543228,2.284945609091142
1,Sp652,Survival,0.6000613358396099,0.20361416820815273
1,Sp653,Survival,0.599980957587762,2.051336324184953
1,Sp654,Survival,0.5999544380152502,2.052476374475979
1,Sp655,Survival,0.5998569258822644,2.2903934759961015
1,Sp656,Survival,0.6001014738284548,0.6421753041855133
1,Sp657,Survival,0.5999527044480266,1.7725038115825036
1,Sp658,Survival,0.6000157543903035,0.2053613635575329
1,Sp659,Survival,0.6001197308233264,3.122300924286923
1,Sp660,Survival,0.6001666348990216,4.07564880799765
1,Sp661,Survival,0.6000488810982803,2.545690215861317
1,Sp662,Survival,0.5999534417128671,0.341455078559902
1,Sp663,Survival,0.5999197179043696,1.140420909636255
1,Sp664,Survival,0.600072598688101,2.533866727559821
1,Sp665,Survival,0.6001477313605945,0.6372960176121556
1,Sp666,Survival,0.60016083854796,0.47475959758937764
1,Sp667,Survival,0.6002370354723017,1.0138105517901377
1,Sp668,Survival,0.6002820009985221,1.4567191791078462
1,Sp669,Survival,0.5998246556671106,0.6270493195508103
1,Sp670,Survival,0.6000144795794444,2.466320030206168
1,Sp671,Survival,0.6000114473004996,2.8262066837540454
1,Sp672,Survival,0.5998570011141435,1.045690655477882
1,Sp673,Survival,0.6001103951262217,2.685990428152733
1,Sp674,Survival,0.6001750115207773,1.4739954284846923
1,Sp675,Survival,0.5997229788911409,2.743822338879845
1,Sp676,Survival,0.6000422037906551,0.20204032574433817
1,Sp677,Survival,0.5999404496906977,0.0530072779349606
1,Sp678,Survival,0.6002375320253184,0.330164497655299
1,Sp679,Survival,0.6000916330866797,0.0552049974740028
1,Sp680,Survival,0.5998744714947516,5.163964990309835
1,Sp681,Survival,0.5999899291333763,2.276391002481986
1,Sp682,Survival,0.5999857123118706,2.500653598549681
1,Sp683,Survival,0.6001343995322497,1.0118337293953406
1,Sp684,Survival,0.5998924020930358,2.324133298010734
1,Sp685,Survival,0.600004384517739,0.0038727649694128385
1,Sp686,Survival,0.6001026227611418,4.193881035515625
1,Sp687,Survival,0.5998674334678007,0.7724091771603242
1,Sp688,Survival,0.6003191506608259,0.0483742968962811
1,Sp689,Survival,0.599947272339524,2.6960491272676164
1,Sp690,Survival,0.6000438736274203,0.9777463935481099
1,Sp691,Survival,0.5999570724823042,0.08592185353859597
1,Sp692,Survival,0.6001124674617281,4.9052464260228605
1,Sp693,Survival,0.6001847201354005,0.5832110249717484
1,Sp694,Survival,0.600044884201532,6.421229358767666
1,Sp695,Survival,0.5999753452004353,0.07539960010850436
1,Sp696,Survival,0.5998596834148604,1.213628965988947
1,Sp697,Survival,0.5999147572083389,0.8925642166458003
1,Sp698,Survival,0.6000282387641838,1.240886210451423
1,Sp699,Survival,0.6001334095634792,0.9444676442628949
1,Sp700,Survival,0.6003204468784864,3.065496883458292
1,Sp701,Survival,0.5998139674208001,3.362543401166282
1,Sp702,Survival,0.6000796531197488,2.645060408997983
1,Sp703,Survival,0.5999413742686419,2.571831864473817
1,Sp704,Survival,0.6001801268729964,0.09604004441860664
1,Sp705,Survival,0.5999251635392844,2.0963301288975384
1,Sp706,Survival,0.6001195520617744,0.08467908820551907
1,Sp707,Survival,0.5999784175563779,1.2175658526030633
1,Sp708,Survival,0.5999044356869467,0.339815635400853
1,Sp709,Survival,0.599943352570008,0.15609907224726258
1,Sp710,Survival,0.5998835134710334,2.9983118518039733
1,Sp711,Survival,0.6003361336309615,0.6584987684921016
1,Sp712,Survival,0.6001250790865322,0.013617327832805674
1,Sp713,Survival,0.6000526847676695,0.9350701065752236
1,Sp714,Survival,0.59984966366073,2.7025204812348167
1,Sp715,Survival,0.6001297821859018,1.7644598216050325
1,Sp716,Survival,0.6000147027086983,0.922237527486151
1,Sp717,Survival,0.6001119291565982,0.056940851342670525
1,Sp718,Survival,0.6000330715733381,1.330384332794977
1,Sp719,Survival,0.5999870637028313,1.4689928009392867
1,Sp720,Survival,0.5998966008483133,4.213609056582099
1,Sp721,Survival,0.5999631173168105,0.09888402156875944
1,Sp722,Survival,0.6000339481355028,3.330315956238837
1,Sp723,Survival,0.599917751156446,0.3133787893089349
1,Sp724,Survival,0.5998555447554172,1.6192783180526593
1,Sp725,Survival,0.5998346615967726,0.7948395071236724
1,Sp726,Survival,0.5998695372563507,1.6460100658775023
1,Sp727,Survival,0.5999671698345478,0.8323051215859678
1,Sp728,Survival,0.600157771382404,4.344856044924995
1,Sp729,Survival,0.5999284815968344,1.0019887067688613
1,Sp730,Survival,0.5999335980493727,0.15407065297334963
1,Sp731,Survival,0.6000635776929877,0.4647249213869775
1,Sp732,Survival,0.6002765339041751,0.1612440889820108
1,Sp733,Survival,0.6001568688023764,1.8249068319319803
1,Sp734,Survival,0.6001450162247839,0.9955447427027475
1,Sp735,Survival,0.5999238302761504,1.0997762575928411
1,Sp736,Survival,0.5999809991611125,0.3198974836532285
1,Sp737,Survival,0.5999671958622406,2.2706931557392003
1,Sp738,Survival,0.5999390157448751,1.6652913424606932
1,Sp739,Survival,0.6000766596771017,0.7801296477481794
1,Sp740,Survival,0.6000648005398799,1.0090419787870446
1,Sp741,Survival,0.6001414268880227,0.029759913904034402
1,Sp742,Survival,0.6000766093376653,0.05703470389041387
1,Sp743,Survival,0.599964719088566,5.3855437595118865
1,Sp744,Survival,0.5997920923894364,3.8161224300887033
1,Sp745,Survival,0.5997556432701884,0.811098581382643
1,Sp746,Survival,0.5999331244174626,1.3120719823152598
1,Sp747,Survival,0.5999383054738985,2.779396427517648
1,Sp748,Survival,0.5998916657825102,0.04336942386114852
1,Sp749,Survival,0.5998678966888676,1.14221950470608
1,Sp750,Survival,0.6000877793264892,0.16145729255396885
1,Sp751,Survival,0.6002095081754326,2.652035101801163
1,Sp752,Survival,0.5998924519014153,0.2574444379590014
1,Sp753,Survival,0.5999005840035314,1.0958856858299686
1,Sp754,Survival,0.6001852365762526,1.2246341175320008
1,Sp755,Survival,0.6001023602735712,0.4565667891788651
1,Sp756,Survival,0.5998785162322036,3.1778741873263043
1,Sp757,Survival,0.5998917803559696,1.1107641801070565
1,Sp758,Survival,0.600146045273501,0.24728908981547065
1,Sp759,Survival,0.5998275811845319,0.11493134964776662
1,Sp760,Survival,0.600201278346826,2.1889341579227586
1,Sp761,Survival,0.6000881608782938,2.178573269116955
1,Sp762,Survival,0.6000529897680614,0.7774750117388647
1,Sp763,Survival,0.5998272769185727,1.6967136860929408
1,Sp764,Survival,0.6001403842276809,0.9393010206300977
1,Sp765,Survival,0.5999489448100184,1.6841799586704316
1,Sp766,Survival,0.5999972859679408,1.6058583387635765
1,Sp767,Survival,0.5998232624680762,4.3399172373966355
1,Sp768,Survival,0.5999386051464797,4.502294968331321
1,Sp769,Survival,0.6000702786643546,0.4236274940668886
1,Sp770,Survival,0.6000866233879307,0.9634206154403999
1,Sp771,Survival,0.600152422076645,3.978828498554408
1,Sp772,Survival,0.5998684542429267,2.4815842134343344
1,Sp773,Survival,0.5999490105556027,0.9336904335142381
1,Sp774,Survival,0.5999756395426399,1.283503246422225
1,Sp775,Survival,0.5999936591661617,2.3458823682823495
1,Sp776,Survival,0.5998922008258993,1.1808788631554996
1,Sp777,Survival,0.6001329429565357,0.3804972042665748
1,Sp778,Survival,0.6000195257317286,0.05978659541333001
1,Sp779,Survival,0.5997696396169314,2.762641211704613
1,Sp780,Survival,0.5996451697212097,1.0193769612462957
1,Sp781,Survival,0.6000725528524978,1.6668733330108172
1,Sp782,Survival,0.5999348083956925,0.9205542545459942
1,Sp783,Survival,0.599943981267536,1.645460477490962
1,Sp784,Survival,0.6001337644194671,0.10999712000497634
1,Sp785,Survival,0.5998677396959384,0.32462389720884427
1,Sp786,Survival,0.6001888511051616,0.6843568842799201
1,Sp787,Survival,0.6000413964215375,2.535210763922266
1,Sp788,Survival,0.5999937953561284,3.919081439715165
1,Sp789,Survival,0.5997926736249074,0.8554556456527528
1,Sp790,Survival,0.6003645842195802,0.1720865700758874
1,Sp791,Survival,0.5999429147550527,5.148489350498874
1,Sp792,Survival,0.6000271380678277,2.9406351842013674
1,Sp793,Survival,0.599875322160214,0.5559810233814527
1,Sp794,Survival,0.5999021869634105,1.7645874868531193
1,Sp795,Survival,0.5997253182895577,0.9842587048464254
1,Sp796,Survival,0.6000141166231912,0.2521681191551279
1,Sp797,Survival,0.6000016904335678,0.6194202668396789
1,Sp798,Survival,0.600026976475484,0.5580473576616207
1,Sp799,Survival,0.6002635904375353,0.5033294627530818
1,Sp800,Survival,0.60000123357173,0.031838430822479794
1,Sp801,Survival,0.6001966234697029,0.3205698037937954
1,Sp802,Survival,0.5998656415738643,2.0514200264470053
1,Sp803,Survival,0.5999366343581896,1.504242748856178
1,Sp804,Survival,0.599945789471217,1.4039198330058196
1,Sp805,Survival,0.5999756739737849,2.0802401122220435
1,Sp806,Survival,0.6000746932630744,0.07837747221956176
1,Sp807,Survival,0.6000737508978309,4.044487930993117
1,Sp808,Survival,0.5998082255814191,0.7712992623254049
1,Sp809,Survival,0.6001094880744882,1.1764535627753303
1,Sp810,Survival,0.5998279675777136,0.8857308282493596
1,Sp811,Survival,0.5998808295856077,1.0134300995532939
1,Sp812,Survival,0.600169644979249,4.889485357902446
1,Sp813,Survival,0.599858025482334,2.558378531527134
1,Sp814,Survival,0.600080656188174,0.29129980940643396
1,Sp815,Survival,0.6000364954669057,1.8481108568726372
1,Sp816,Survival,0.5999220836324656,0.3741788198344254
1,Sp817,Survival,0.6000743958019756,1.7981062168748454
1,Sp818,Survival,0.5997012428378764,0.28151252685234707
1,Sp819,Survival,0.6001459057222518,4.250321150302967
1,Sp820,Survival,0.6000393017599772,0.2846610637841038
1,Sp821,Survival,0.6000472744365593,0.8142160870213602
1,Sp822,Survival,0.6001011025471417,0.6714421119771089
1,Sp823,Survival,0.6000978911111394,0.2671360811911617
1,Sp824,Survival,0.599970832250794,1.7140704052159637
1,Sp825,Survival,0.6001967934103213,3.3579646593997934
1,Sp826,Survival,0.6000002816204355,1.2028119431936932
1,Sp827,Survival,0.5999012002841937,3.937614045512535
1,Sp828,Survival,0.6001296350775269,2.184420633986037
1,Sp829,Survival,0.6000176376143697,1.816780230669078
1,Sp830,Survival,0.6000896769806819,0.09340311376208298
1,Sp831,Survival,0.6000863034832871,0.08392093333425144
1,Sp832,Survival,0.6000251994441803,0.44656172735760075
1,Sp833,Survival,0.5998232911781303,1.2879664266170487
1,Sp834,Survival,0.6001280825834135,0.49534246743616395
1,Sp835,Survival,0.6001555847766026,0.08328911116884398
1,Sp836,Survival,0.6003553996582824,2.6903423681309633
1,Sp837,Survival,0.6000407806226443,1.7186998583638515
1,Sp838,Survival,0.6001105439274788,3.7524316664331754
1,Sp839,Survival,0.599973102154618,0.3650119212126387
1,Sp840,Survival,0.6000394675595442,0.24647242414529102
1,Sp841,Survival,0.6000873752308413,2.520174350712773
1,Sp842,Survival,0.6002039389153325,0.8369916122545005
1,Sp843,Survival,0.5999350863102275,1.9600924264218893
1,Sp844,Survival,0.5997940271722559,0.014844932189669584
1,Sp845,Survival,0.6000264830764295,0.546716055281758
1,Sp846,Survival,0.6000899234096972,0.7307968890092073
1,Sp847,Survival,0.6002315215843934,2.386167480066448
1,Sp848,Survival,0.6001627732572661,0.5156928737226589
1,Sp849,Survival,0.5999172103346008,5.241023113716918
1,Sp850,Survival,0.6000191956872177,1.224127663836744
1,Sp851,Survival,0.6001933075237916,1.5845950916888456
1,Sp852,Survival,0.5999492582000368,0.2742221027983867
1,Sp853,Survival,0.5998235309044065,1.8678903179537363
1,Sp854,Survival,0.5998095605471705,0.6158951954836976
1,Sp855,Survival,0.6000879760292361,2.733973823229227
1,Sp856,Survival,0.6000228025993151,3.593083880999092
1,Sp857,Survival,0.6002534676938889,2.3960724181879423
1,Sp858,Survival,0.600277938370201,1.083913544167234
1,Sp859,Survival,0.5999305443462766,0.46324188536134603
1,Sp860,Survival,0.5998752648207544,1.3002150917780195
1,Sp861,Survival,0.5999525033252496,0.015985838151196294
1,Sp862,Survival,0.5999705808874471,0.03036442040483832
1,Sp863,Survival,0.5999838249316751,1.4217957603363796
1,Sp864,Survival,0.6000528238554672,3.3845337116478214
1,Sp865,Survival,0.600092996981225,0.22141644149394651
1,Sp866,Survival,0.5998311002926967,1.006737905247919
1,Sp867,Survival,0.6001327102200842,0.17385594485565645
1,Sp868,Survival,0.599991299058775,0.36271066606334845
1,Sp869,Survival,0.6000130828358553,1.7094259954944258
1,Sp870,Survival,0.5998381805478427,0.032333357169597156
1,Sp871,Survival,0.6001063596893077,0.703424466976607
1,Sp872,Survival,0.6000190942377079,0.18255065471205018
1,Sp873,Survival,0.599884002870714,3.8972544326936687
1,Sp874,Survival,0.59986306224922,1.488876567011809
1,Sp875,Survival,0.6000854100357335,0.07522339920649379
1,Sp876,Survival,0.5999630890588059,1.0198425712374497
1,Sp877,Survival,0.6001248435439797,1.2393439365237569
1,Sp878,Survival,0.6000791409207207,1.043089394689179
1,Sp879,Survival,0.6001354713419816,0.2913350976696993
1,Sp880,Survival,0.6001388587340847,0.39173536410657184
1,Sp881,Survival,0.6000150624650312,0.1218359576612045
1,Sp882,Survival,0.600065863700166,0.6411561418139589
1,Sp883,Survival,0.6000334642726346,1.0351484261990511
1,Sp884,Survival,0.5999634121167183,0.10657556639611498
1,Sp885,Survival,0.6001200132012627,0.3453024847783661
1,Sp886,Survival,0.599739031584935,2.3047154443122784
1,Sp887,Survival,0.5995477745405675,0.04531509372536002
1,Sp888,Survival,0.5999252865953502,0.008408061341111236
1,Sp889,Survival,0.5998598338765273,1.7931038068450524
1,Sp890,Survival,0.5998566452344853,1.379594824060037
1,Sp891,Survival,0.600317942903414,3.6526600623226586
1,Sp892,Survival,0.5999893900930391,0.6580086747259275
1,Sp893,Survival,0.6000772443311495,4.784696373412514
1,Sp894,Survival,0.6001046445962025,0.5655621001857329
1,Sp895,Survival,0.6000388640314116,3.6016371865911188
1,Sp896,Survival,0.599954198881225,0.21148203659837325
1,Sp897,Survival,0.5999410432672817,0.47437997897351003
1,Sp898,Survival,0.6001360294844884,0.15965458744763364
1,Sp899,Survival,0.5997863470283964,0.022008037827311134
1,Sp900,Survival,0.5998732463248495,0.21599832688514162
1,Sp901,Survival,0.6000092676330298,0.45902156951641165
1,Sp902,Survival,0.600149809129817,3.096180990653267
1,Sp903,Survival,0.5999162619919548,0.3788695065266875
1,Sp904,Survival,0.5999479103964016,1.2059583726960859
1,Sp905,Survival,0.5998738771041591,0.7103436665856785
1,Sp906,Survival,0.5995663007123258,2.469909659589362
1,Sp907,Survival,0.5998358780638042,2.695092388279342
1,Sp908,Survival,0.6000169346820519,2.6696472101853943
1,Sp909,Survival,0.5999146431922796,1.0822675302196276
1,Sp910,Survival,0.5998926797708204,2.58721234938654
1,Sp911,Survival,0.5999118947218236,0.08300367186004559
1,Sp912,Survival,0.6000796716480161,1.973580504982359
1,Sp913,Survival,0.6001756181938036,1.9700948116208645
1,Sp914,Survival,0.599816017674752,3.7836489463719953
1,Sp915,Survival,0.6001063458813447,4.328932170981932
1,Sp916,Survival,0.6000675410978327,0.5207958981811733
1,Sp917,Survival,0.6002533981523903,0.5233659020575333
1,Sp918,Survival,0.600239337601221,0.807259412726057
1,Sp919,Survival,0.599903325554575,2.211127505515712
1,Sp920,Survival,0.6000099030566733,2.072881825500646
1,Sp921,Survival,0.6000653786702319,1.3632568563167968
1,Sp922,Survival,0.5998644954959259,2.408915670558113
1,Sp923,Survival,0.6001392822607917,0.009763023768858776
1,Sp924,Survival,0.6001084536897456,2.3111738194567115
1,Sp925,Survival,0.6000512096890642,0.3254836475266133
1,Sp926,Survival,0.6001445239390653,0.476314792399776
1,Sp927,Survival,0.6000090891972616,4.808189115626033
1,Sp928,Survival,0.6001308815826707,0.5345035740114714
1,Sp929,Survival,0.5998632327907207,0.7115389753556707
1,Sp930,Survival,0.5999951306182003,0.4012323826364015
1,Sp931,Survival,0.6001382356279472,0.5134605821788436
1,Sp932,Survival,0.5996031157884476,1.7432475271663124
1,Sp933,Survival,0.6000970824160661,0.011924834150549889
1,Sp934,Survival,0.6000138567402085,0.7683909297769836
1,Sp935,Survival,0.5998151967521925,0.006862454513486888
1,Sp936,Survival,0.5999268038689378,2.969592913304989
1,Sp937,Survival,0.5998764202662421,2.9914597515164565
1,Sp938,Survival,0.6000218938118147,1.2541546828767116
1,Sp939,Survival,0.6000786048850506,5.410622887743927
1,Sp940,Survival,0.5999779785575365,0.902420721052805
1,Sp941,Survival,0.6001533338169065,0.17138289468196857
1,Sp942,Survival,0.6002626123288233,0.44360239104093996
1,Sp943,Survival,0.599761866913712,0.4657035477560049
1,Sp944,Survival,0.599952076879045,2.142479986126988
1,Sp945,Survival,0.6000694831258719,0.8780019908504938
1,Sp946,Survival,0.59994428588364,1.4112134111715928
1,Sp947,Survival,0.5997981286684135,2.424429914218026
1,Sp948,Survival,0.5999545947713804,0.7610024900068145
1,Sp949,Survival,0.5999938377916305,1.0028111796571963
1,Sp950,Survival,0.6000384013235762,3.5207943156925148
1,Sp951,Survival,0.5999449445058167,0.277366273705404
1,Sp952,Survival,0.6001646963958183,0.2479618750689568
1,Sp953,Survival,0.6001230521077581,3.388508135122644
1,Sp954,Survival,0.6001010826249407,3.6867528483947494
1,Sp955,Survival,0.6000417079483229,3.762663249547567
1,Sp956,Survival,0.6001284437256347,2.0142419135416323
1,Sp957,Survival,0.6002518795497938,1.6041252697425907
1,Sp958,Survival,0.6001140885496257,1.1465269661310604
1,Sp959,Survival,0.6000357689985018,0.2211979145344924
1,Sp960,Survival,0.5999329425730615,0.8312041363592797
1,Sp961,Survival,0.6001920705052222,0.34851503615301654
1,Sp962,Survival,0.5997061731417392,1.170194545062856
1,Sp963,Survival,0.6001323868685391,0.8409339550234299
1,Sp964,Survival,0.600361936423434,0.5900859476130961
1,Sp965,Survival,0.5998984471360697,0.11893492473008851
1,Sp966,Survival,0.5998763698205466,0.5410081555425287
1,Sp967,Survival,0.6001553887837002,1.59677132357417
1,Sp968,Survival,0.5999450110409298,0.9841749213962705
1,Sp969,Survival,0.6003696786382486,4.090902143474832
1,Sp970,Survival,0.600012433997374,3.818444947095922
1,Sp971,Survival,0.5999330612432774,1.7692862295159808
1,Sp972,Survival,0.6000650416833058,1.5993563368995396
1,Sp973,Survival,0.5999775589368308,4.386835310933692
1,Sp974,Survival,0.6002112756725406,1.0363646750983957
1,Sp975,Survival,0.6001951795375924,1.89031515893435
1,Sp976,Survival,0.6000215127888416,0.5527349807397307
1,Sp977,Survival,0.6001741534304567,0.29333499875264757
1,Sp978,Survival,0.5998085801314424,1.5982960914259374
1,Sp979,Survival,0.6001463132520946,1.1533491847477828
1,Sp980,Survival,0.599900515301344,0.625375661082161
1,Sp981,Survival,0.600163823173451,0.6943117041478993
1,Sp982,Survival,0.5999498150562006,0.3673865545820555
1,Sp983,Survival,0.5998470914378975,1.4823470075353955
1,Sp984,Survival,0.599917528313554,1.1464477848857246
1,Sp985,Survival,0.6000380668203941,3.843321255705487
1,Sp986,Survival,0.6000737799309496,0.849468760485236
1,Sp987,Survival,0.5998078705673805,0.1614833410915947
1,Sp988,Survival,0.6000043369312205,0.08937392289321434
1,Sp989,Survival,0.6001287277461703,3.481489544792219
1,Sp990,Survival,0.600188559626289,3.692773059465648
1,Sp991,Survival,0.6000238782952353,0.5329923996501451
1,Sp992,Survival,0.600328870272811,0.6288842406924591
1,Sp993,Survival,0.6000336371197299,2.5617339644936195
1,Sp994,Survival,0.5996203557991073,2.3712701758288093
1,Sp995,Survival,0.6000678349029316,0.648363292881676
1,Sp996,Survival,0.6000106269641143,0.4459445470594818
1,Sp997,Survival,0.599888342667057,3.8084675760645426
1,Sp998,Survival,0.6001365856339407,0.4142724003306266
1,Sp999,Survival,0.6000075938377776,0.11832508108828489
1,Sp1000,Survival,0.6001905102582512,0.8023063583237662
