b,N_modules,Richness1,Richness2,Richness3,C_feed1,C_feed2,C_feed3,CUE1,CUE2,CUE3,Competition1,Competition2,Competition3
0.1,50,21,15,19,0.5075911292734004,0.4750715296873943,0.5563630099651595,0.4187548175292118,0.428820129339195,0.4302905808487184,0.031327270963558335,0.031101693600138952,0.03126803396521412
0.11800000000000001,49,11,9,20,0.16120409873301433,0.15306429227899573,0.1697236793379951,0.4065658704823826,0.4134990676954952,0.42000295887751854,0.0316989283750032,0.029909478489362748,0.030836030646282334
0.136,49,9,13,22,0.16445127528616818,0.16137362953794518,0.1590274070202919,0.4143186121911969,0.4177901045040472,0.42686824869731693,0.030927339880930427,0.03051247996316595,0.030811309588095467
0.15400000000000003,49,11,12,13,0.15386717617697954,0.15333151715368828,0.15229102099834732,0.4340831093564324,0.4348022228862522,0.44070295758708317,0.03338799520229777,0.031567704096834306,0.032544629000868304
0.17200000000000001,49,12,15,9,0.16462770689148962,0.1733954506754472,0.15741944512061662,0.44713430148992106,0.45488213362349694,0.4587067813968069,0.03406486187772431,0.030854416166360494,0.03233354719568754
0.19,48,12,9,7,0.22851296757098413,0.21240311721517507,0.2131746882296867,0.4519515704441128,0.46308832345303835,0.46339021057101615,0.028897643529437148,0.03099939472222088,0.029959721042907367
0.20800000000000002,48,12,7,13,0.2164427663532722,0.20550701101840416,0.21653795343683263,0.465649127199738,0.46489357364375783,0.47373869558509774,0.030074941455759965,0.03116737893971264,0.030616593486457965
0.226,47,13,17,3,0.24205620297863498,0.24060323573579864,0.2464764839636709,0.47677473125246195,0.47730078323941355,0.46484066120913603,0.032070634064673274,0.031808627501509076,0.0319732246134709
0.24400000000000002,47,15,14,27,0.24501442452906483,0.2556451022162658,0.24248990799697195,0.4833509375077713,0.4794000276564676,0.48480753114025116,0.030032065077240745,0.03180515009206934,0.030927078763773964
0.262,47,12,12,2,0.2592811106545529,0.2592418101433947,0.2596054881030713,0.49168124690065385,0.4896034860688844,0.4727095676050781,0.0318398405681595,0.031355360822512425,0.03156647790454203
0.28,46,15,11,26,0.2931263329709449,0.29928412387481707,0.28288296015334885,0.5055274707429699,0.5099492112692142,0.5201788090070308,0.03205331472497606,0.030930409680152118,0.031587962216891155
0.29800000000000004,46,14,11,25,0.3017282705326694,0.3064999088428683,0.3003999772558914,0.5135047693020087,0.5172320568259832,0.52230018993804,0.03168502636569366,0.03215602461509697,0.03194516626228071
0.31600000000000006,45,14,18,18,0.3391826419274871,0.34171538580950045,0.34381154211633225,0.520759980809946,0.5158638410808571,0.5269632089721199,0.030124201514468384,0.030634209118619152,0.030369170722768415
0.3340000000000001,44,18,13,18,0.3384438821931623,0.3294250417801951,0.3704639922875527,0.5333864661586832,0.5293674641058552,0.534094779021059,0.0315197418749684,0.030737910182031123,0.031069133507078798
0.352,44,13,13,15,0.3226334658402302,0.3703174971447627,0.3561902742180532,0.5460624818046234,0.5517157023128315,0.5487830477681622,0.032631821367243914,0.030695041602866253,0.03168676539293727
0.37,43,16,19,18,0.3702889855512468,0.3895304992590033,0.36297096802479933,0.5548177768135214,0.552640662202603,0.5517413091646741,0.03213302784834816,0.03143118297896078,0.03177502020366635
0.388,42,13,16,16,0.42509930400070967,0.4098226264057379,0.4176901896491396,0.5689188418672181,0.5656813362486172,0.5683965862912204,0.03141704124392217,0.03142008518691721,0.03144718026266204
0.406,42,23,15,21,0.4092031796901187,0.3870250245873891,0.4213457272680582,0.5695001490787127,0.571762158019759,0.57413598309705,0.03157592915778022,0.031544800442919206,0.031585491815557476
0.42400000000000004,41,15,16,13,0.4435992993834098,0.4523507765511204,0.4492563863256038,0.5762450199641667,0.5740731810485157,0.5826153686187697,0.03249414784461133,0.030038093468303762,0.031300832973172335
0.44200000000000006,40,19,21,16,0.48604637568661313,0.4247507237461667,0.45404040541429846,0.5829316134429029,0.5844010307546997,0.5878232505507353,0.029921799357302555,0.031015041589787306,0.030485560519160904
0.4600000000000001,39,19,11,14,0.49504359250231583,0.4876756754309201,0.4938745727022763,0.596677394879739,0.6023521432104753,0.6035356516135341,0.03175818435301986,0.032246312311402715,0.03198769496845135
0.4780000000000001,39,17,17,18,0.48675893863651587,0.47251616821932574,0.49808017058348597,0.60443278541492,0.605445470090607,0.6066107636145177,0.03293852768260138,0.03163153681364884,0.03226881332913313
0.496,38,13,19,22,0.5421812039467329,0.5087841924063992,0.5335254683722137,0.6155603818732074,0.614480558741479,0.6168949870839106,0.030473421792704136,0.030707407681781436,0.030586588802161967
0.514,37,20,21,18,0.5242148031262543,0.5242616432158507,0.5453708333319681,0.6223881217334251,0.6228609979961134,0.6253232763060285,0.031014971948447666,0.03164839097208694,0.0313055782530276
0.532,36,14,18,19,0.5763653844367613,0.5450446342880064,0.5902470889276092,0.6349881796475545,0.6302546160069621,0.6362127007677241,0.03134715999398204,0.03142723134595198,0.031350487591716984
0.55,35,18,13,13,0.584625986546394,0.5953545755292053,0.6031206096052144,0.6460370424696664,0.6498839746108158,0.6504427875513891,0.03177992099049215,0.031072399763890698,0.03142206553944081
0.5680000000000001,34,15,17,21,0.6101903257527979,0.6272009826935276,0.6269349529356415,0.6510312691149028,0.6499713871057976,0.6537818993386686,0.03153408611231219,0.03137416020040335,0.03147270068450202
0.5860000000000001,33,21,17,19,0.6455219249606629,0.635221484480565,0.6392230307261865,0.6553435383283115,0.6581726354442959,0.659392443086557,0.03170780766956547,0.03230830125696956,0.0320263307699977
0.604,32,16,16,16,0.6475473498978503,0.6670364189415869,0.6622336370391245,0.674342462626623,0.6688668977466455,0.674584141008692,0.031173462950172464,0.03055833442501921,0.030883526345154434
0.622,31,13,17,19,0.6784409180340506,0.6721449007614568,0.683849884413023,0.6771320858317478,0.6779250837852764,0.6803316267867876,0.03213848218079079,0.030986915531165442,0.03152841956689722
0.64,30,15,15,20,0.7004488620808733,0.6887358314780824,0.7009270809016944,0.6878567829449234,0.6889535541257994,0.6899524121804609,0.030380497787463105,0.03260661224586263,0.03146218761989123
0.658,28,14,10,18,0.7449411056505806,0.7476055694935932,0.7454559049005596,0.6940552748541515,0.6978739716061303,0.696830472793901,0.029968247239338046,0.030707328388435345,0.03034693231581989
0.676,27,13,16,18,0.7531615618935332,0.7626765509274082,0.7590844991575643,0.7024350044766692,0.7014900298057727,0.7033653649482801,0.031589957847372174,0.030749237370801364,0.031146258476130156
0.6940000000000001,26,17,16,16,0.7732418149833764,0.7629141780511708,0.7750157552481154,0.7094342226094211,0.7130700919051699,0.7145994268216215,0.0313806252496384,0.03111628820039027,0.031246896047426986
0.7120000000000001,25,12,12,14,0.7963226298853368,0.7908769816529011,0.7935328966224178,0.7241489618224171,0.7222787094707491,0.7253091743649179,0.030653315632582372,0.030866494647220737,0.03074172501249336
0.7300000000000001,23,13,19,20,0.6418056836254628,0.6397256438839648,0.642532451986195,0.7264725022700154,0.7275579442093693,0.7302313996684184,0.030938034603773458,0.03250752425064973,0.031731557799130866
0.7480000000000001,22,7,11,11,0.6611750879175977,0.6746020692318299,0.6736946088095944,0.7505120987537035,0.7376579882679962,0.7492449683744122,0.03124676932281678,0.030645682154606193,0.03095141654150193
0.766,21,14,10,14,0.7082020494521676,0.7063928459023918,0.7029651432328843,0.7469071440161049,0.7462429701338099,0.7493371434279864,0.032436408101643166,0.03133892229773663,0.031899082629320966
0.784,19,17,11,15,0.7567413646354614,0.7561491118559219,0.759236791661253,0.7571879027289447,0.7577622854779245,0.7588008784224983,0.031696619274582165,0.031644878456661155,0.0316910901883935
0.802,18,20,9,11,0.7909466894285286,0.7892621002276947,0.7933156001395641,0.7609930263069641,0.7683392322944327,0.768467626253147,0.030505523656880792,0.03129524236569621,0.03089898746768091
0.8200000000000001,16,18,8,9,0.7728492599862611,0.7661996980949922,0.7705762908737468,0.768514775226585,0.7793930216233895,0.7793536675695408,0.030453918825205768,0.03218622612823109,0.03129218183719524
0.8380000000000001,15,15,14,17,0.7680847718913852,0.7696654788715439,0.7827544029562523,0.7792442988757851,0.7803041321676902,0.78158992046624,0.0316022870909135,0.031468863297428505,0.03151236123440366
0.8560000000000001,13,14,13,17,0.8186136520457892,0.818740660661807,0.8185182513601253,0.7910862969675071,0.7902499696730915,0.7925820908978671,0.031108648971330782,0.030990144017492557,0.03104734616672137
0.8740000000000001,12,8,12,9,0.8142558883377821,0.8161896174128435,0.8159562218144059,0.8087607644879408,0.8023116092795003,0.8086199285782042,0.03148267542022086,0.030332304368861987,0.03089968112573879
0.892,10,10,10,10,0.8365570656540766,0.8333249556989536,0.8337417516524271,0.8101271221620138,0.8076056670822706,0.8112142387471973,0.030766298126871268,0.030955174888887427,0.030843626467050068
0.91,9,9,17,10,0.8327297038355184,0.8286004591732742,0.8308416642530981,0.8215313898308602,0.8176216329721914,0.8219981842262434,0.031344586169835896,0.03168639225238913,0.031511201243795514
0.928,7,13,13,15,0.8433600814531486,0.8437625828405616,0.8429166093409893,0.82678004974411,0.8247977929038072,0.8272213390196085,0.03205148733813338,0.03146440529513026,0.03175381521482709
0.9460000000000001,5,14,10,14,0.8451043589226694,0.8530104795481305,0.849851840242947,0.8332085366340002,0.8332336224243807,0.8364039651382686,0.03171308924598231,0.03095500286565798,0.03132691156325992
0.9640000000000001,4,9,14,11,0.8537041688765357,0.8536285600448711,0.8544891895106097,0.8459804855752,0.8400021155983065,0.8455502996551015,0.031039263998598885,0.030917303278936575,0.030966894831602462
0.9820000000000001,2,11,10,10,0.853145155574367,0.8613262819639159,0.8558959939904227,0.8507655232325547,0.8543381739813208,0.8554769925608158,0.03013500640963375,0.0312374287249656,0.030693882260301755
1.0,1,7,11,11,0.0,0.0,0.0,0.8615618402773249,0.8620293490703705,0.8633635742148357,0.031440210494051886,0.030693496646214347,0.03106101618431862
