Seed,Overlap,CUE1,CUE2,CUE3,Dominant_Community,Total_Abundance_1,Total_Abundance_2,Sim_3vs1,Sim_3vs2
50,0.25,0.44098923734711876,0.43931441630795454,0.43979092199925773,Community 2,117.01809200603616,118.47962096873113,0.5069026388743989,0.5300479168763776
50,0.5,0.445613681126819,0.4449843770539412,0.4447351841598388,Community 1,98.65636115993867,95.77282056538812,0.47828996134911306,0.3682761969200854
50,0.75,0.44250487943060285,0.43848213964972543,0.4378499769292307,Community 2,78.58804959321034,79.94850112120142,0.45053360688465094,0.4472806247155391
51,0.25,0.4450650353397111,0.4438272300074302,0.4439941745134199,Community 1,118.49041848360093,117.15766611431006,0.5293582872132374,0.4975767775112937
51,0.5,0.43781395290752895,0.45111087690174484,0.4411629952889389,Community 2,96.54649520799687,97.79958519547397,0.4424714221346492,0.3639193255063876
51,0.75,0.44040795306520336,0.44674895089635913,0.4451187571914147,Community 2,74.40725602107564,84.50950055176493,0.28074082531629296,0.599470671904911
52,0.25,0.4436101275447624,0.4433352419346212,0.4454909322906923,Community 2,117.54811737319761,118.52715534775517,0.4659280433212182,0.5318906631615148
52,0.5,0.44444781299982455,0.4523283225231672,0.4495195524812712,Community 1,98.24682327347563,96.15153149862662,0.5357034014359008,0.491943746281035
52,0.75,0.4384635340208064,0.4507905768555727,0.4456006820938338,Community 2,78.32065017515787,80.57437885563745,0.3351169592662959,0.5339392634368832
53,0.25,0.43462535658419094,0.43668657432191094,0.43496848241028063,Community 2,116.23767141752968,119.13275692783107,0.47591826527612935,0.5821622800853729
53,0.5,0.44928873378019435,0.4505711589708364,0.45192417833889637,Community 1,97.12110628587799,97.10371075544519,0.4957570965410205,0.5904280923985312
53,0.75,0.44135014577173715,0.4425522021031916,0.44080328056369356,Community 1,80.54817532028268,77.97964389145272,0.46546539819270527,0.4120764397256672
54,0.25,0.44041646787329614,0.44925689509799016,0.4404398591546718,Community 2,117.62442130671644,118.05357847819923,0.35722828095566106,0.4494015951148008
54,0.5,0.43952134196459486,0.45581661408658036,0.44643325862223004,Community 2,93.80623933067743,100.65308578997397,0.2484977386628705,0.5947465134549892
54,0.75,0.44171489482142406,0.4371865232926304,0.4386188216375411,Community 2,76.73032969573516,81.90912166560017,0.3097851047932836,0.40347126412102474
55,0.25,0.45280692814617474,0.43556417135879916,0.44281419557130774,Community 1,119.44036580873939,115.82916213305894,0.3632708303568778,0.38760658231299416
55,0.5,0.44605574945529114,0.4395335192045792,0.44623532255519377,Community 1,99.06308177457707,95.66492584716232,0.4195624987664104,0.2979483856908788
55,0.75,0.43847026463670635,0.4442927006436514,0.44179903425740163,Community 2,79.01351543653001,79.733370398576,0.42700312990090983,0.49104765241003345
56,0.25,0.4429670351993931,0.4391036374069132,0.4409284851488978,Community 1,119.05320062496654,116.59303664741924,0.54586739091543,0.34679101128267353
56,0.5,0.44156378954821235,0.45029918168930416,0.4443415677767734,Community 2,96.524018656428,97.73753020360402,0.4460354448011965,0.44177285860103876
56,0.75,0.4377892998584534,0.43933170790290066,0.44165106541538546,Community 2,75.34280490303543,83.27105501993756,0.4961223411733616,0.5445854348121366
57,0.25,0.4529545214891171,0.4367009057693411,0.44401183732994715,Community 1,118.07464989569996,117.56775954632064,0.508723842072383,0.4326314354121834
57,0.5,0.4433233940576676,0.4379510443554595,0.43809033577512646,Community 1,98.27342111273488,95.87762150029398,0.5266964616408457,0.3812231137977772
57,0.75,0.4431752385614837,0.4419942195120264,0.4420496295719089,Community 1,79.8130356239864,78.83919160780351,0.3500329302671795,0.48074527549642865
58,0.25,0.4335505879391476,0.4423002818784131,0.43743085874436893,Community 1,119.61792165672777,116.09323845460784,0.49422327964047374,0.4331046138887973
58,0.5,0.4342557739474233,0.4510271571247054,0.4427801402192839,Community 2,94.88113141585148,99.17123378248867,0.428032781997959,0.5350276035355768
58,0.75,0.44011080846617273,0.4431373006786757,0.4411236022046334,Community 2,78.71507424101151,79.74175541118873,0.5365739023910522,0.47920429286373123
59,0.25,0.4359972016402075,0.4400275116155384,0.43945008249640904,Community 2,117.68711319006374,117.86318927119886,0.40523328202808573,0.4241414410547161
59,0.5,0.436623150813364,0.4357777208302231,0.43638982859964276,Community 1,98.96025114381531,95.21203653765627,0.5565164449469762,0.39330954106500426
59,0.75,0.4403774607200937,0.44172690844612933,0.4443900892402056,Community 2,76.80586310231816,81.82322966471439,0.3724726903908926,0.5120984134405298
60,0.25,0.44561551120092524,0.4403414142323753,0.4440197804906861,Community 2,115.7199043863275,119.90005304427622,0.49281426193557476,0.5386934820420919
60,0.5,0.4447934615704765,0.43067614403105575,0.4345224432926856,Community 1,100.44874367460451,93.66077302203327,0.510688846875976,0.19835198225591988
60,0.75,0.4400735361057971,0.43975211643169143,0.4423862031878811,Community 2,75.82557653082645,82.92589870361897,0.26111954116839176,0.49345084010951
61,0.25,0.44162783356553714,0.44003334497888896,0.4404222229174385,Community 1,118.16217411432321,117.44061025673952,0.5200222024598804,0.5339445530685185
61,0.5,0.4395884637732608,0.4366828251969974,0.43855927755977175,Community 2,96.09867818496929,97.82012391043219,0.5630751596078706,0.47552590426255537
61,0.75,0.44961050696918536,0.43219505807744674,0.4384261743038943,Community 1,86.21972621097875,72.29426196798781,0.535058259668278,0.27594805545115186
62,0.25,0.44829882710791286,0.4478921799843595,0.4484242750245576,Community 2,117.32574237082461,118.57025006383121,0.5849475350485978,0.5839017848353649
62,0.5,0.45126562786998353,0.4392462807966033,0.4464713065800514,Community 2,95.5462585144977,98.6111042413028,0.5030364835074965,0.5039012409344503
62,0.75,0.4481735803530295,0.44130640524815073,0.4435118338311151,Community 2,78.35014616538214,80.39535984689931,0.3935116839211449,0.5363719183710662
63,0.25,0.4387226490559718,0.441166292692179,0.4391479362478988,Community 1,117.95855238319687,117.93281280886634,0.514008299635938,0.5344389905955067
63,0.5,0.4433171672794,0.4413858769915996,0.44064069505466424,Community 1,98.05737743271811,96.21011238991905,0.47915681108228014,0.17148387358304407
63,0.75,0.4415175024710454,0.4505865558984281,0.441138311602953,Community 1,78.98296949832186,78.83017087091635,0.2889016363495259,0.16530702972699207
64,0.25,0.4475486396496784,0.4439845321006945,0.4448349856214221,Community 1,118.0190398434328,117.6676783167965,0.5797271709383567,0.5365501276204606
64,0.5,0.44225803469806896,0.43608851100263735,0.438846737582256,Community 1,97.60233321075748,96.79014382867857,0.46203752797960773,0.4031777783088829
64,0.75,0.4427653468679731,0.44073664766345066,0.4391472561732583,Community 1,80.67170546168812,77.95725062794779,0.38010455374948493,0.4683487361155264
65,0.25,0.44117013638487834,0.4293074082936837,0.4341218687493438,Community 1,120.33117613428905,115.2828885040468,0.5952042914748028,0.3316863244367092
65,0.5,0.43870829532888517,0.44375355055879523,0.43982722139581576,Community 2,96.19825278212531,97.88593689573712,0.4573591665681248,0.5128007993820087
65,0.75,0.44748814453826535,0.44363916218155935,0.44929789056659925,Community 1,84.80932195620605,73.95580478922507,0.4634793966784386,0.42205817266214274
66,0.25,0.43382842150234807,0.4387558792476207,0.43376144956600987,Community 2,117.41036658492035,118.10047516188507,0.4912333437273071,0.44017100255675023
66,0.5,0.4471373477113307,0.4491956515941441,0.44874424983342054,Community 1,98.88760777720869,95.49119823005111,0.5129634010566388,0.41880252265808193
66,0.75,0.43812231223795406,0.4410459960782721,0.43994847193084247,Community 2,76.37821081113071,82.14636306690615,0.3771725220294848,0.5589650723692204
67,0.25,0.4419072526704314,0.4402321986605634,0.44015449284837505,Community 1,118.00182965031908,117.48420314424837,0.4910614599809061,0.4756151533883587
67,0.5,0.4469011236858132,0.43123760738602956,0.4377430371940622,Community 1,98.7786437075073,95.22633462587281,0.4736549205266547,0.34594966836666763
67,0.75,0.43581177145321043,0.4499665370768256,0.44316099570259915,Community 1,79.52476019214976,79.17635615109106,0.3721601796862055,0.45147722898171605
68,0.25,0.4441485322993975,0.4409302721016422,0.4423427248703495,Community 1,119.6625222241665,116.12972768801461,0.5501033890862339,0.32863850490841406
68,0.5,0.4319167263836028,0.44000134509214317,0.4358991318424836,Community 2,95.64536947068275,98.3587915751138,0.4116154425958891,0.4264230098873145
68,0.75,0.43316032339555527,0.4547762220325383,0.44627367551618374,Community 2,74.13319756033658,84.48123010140222,0.4267952995242885,0.5602005398993088
69,0.25,0.4288584452372653,0.4466735236329377,0.4366922897584723,Community 2,116.273820884844,119.235159732439,0.4048931171505249,0.5690268555641237
69,0.5,0.4475896137911728,0.43575360703098026,0.4416527816445409,Community 1,97.74194184045561,96.5784200200633,0.4359026607857457,0.3671445121495246
69,0.75,0.4502901075179269,0.43988154058207013,0.44720715848298165,Community 1,79.90744759574478,79.07789437075772,0.43402632851112843,0.5159762341862877
70,0.25,0.43587972820021337,0.43913285881508735,0.43647252803232317,Community 1,117.82943814996634,117.70916415624397,0.4609794667493976,0.47956027494492226
70,0.5,0.4425350945501452,0.4450952995616153,0.4433833435724091,Community 1,98.17562287502325,96.02141905834415,0.5261268343513203,0.4901774066139972
70,0.75,0.4425977690357882,0.44986239529580857,0.4467910191665935,Community 2,75.49626351898438,83.08302271592352,0.3464165102050114,0.5316267920880876
71,0.25,0.4367936697518086,0.45290311174284786,0.4456922347682913,Community 2,116.89625314098987,118.90058985977139,0.4083198555344951,0.5503281680872358
71,0.5,0.44281233099758305,0.44122415301099843,0.4407494080197528,Community 2,95.8202262324665,98.2227952358308,0.4299647063084021,0.5010148664572817
71,0.75,0.45159398290910535,0.4441406337196572,0.4463691697132498,Community 1,86.85300733650598,72.31845681806684,0.5289240701358431,0.2057614160024842
72,0.25,0.4424500394629899,0.4389674550048377,0.44028868077947175,Community 1,119.75992234400212,115.95165948887421,0.5619618076876951,0.37014267614800556
72,0.5,0.4450220038795992,0.4416933326015214,0.4432897166759574,Community 1,97.41984448785945,96.93811525938058,0.5478111333151943,0.41821208850188274
72,0.75,0.4338415121891922,0.43967473383398437,0.4381808031138949,Community 2,78.12545873761026,80.91857958380832,0.25140735857220053,0.4588729201804025
73,0.25,0.45210639316544454,0.44594083282121477,0.4459140347342217,Community 1,118.43080298415754,117.71829125368292,0.4864565494246028,0.4351197361190916
73,0.5,0.445949385706546,0.44433535783403777,0.44459778354289103,Community 2,95.74360285593583,98.48746344746466,0.3964961409836527,0.4441593059978677
73,0.75,0.44053222868383635,0.43798298884919723,0.4389046356099886,Community 2,78.83184755850311,80.29184241972581,0.463707774318987,0.4342045497835678
74,0.25,0.43162788218511056,0.433739886256218,0.43139396499909494,Community 2,117.29307321143374,117.86875657878105,0.4474337248121395,0.5005429309967628
74,0.5,0.4533383260520661,0.44518814408492635,0.4499015100998436,Community 1,98.1891872321313,96.53732185613005,0.5104635384869665,0.5070494813487374
74,0.75,0.4435509702428067,0.4364723738887716,0.4450266606708894,Community 1,83.10806589549196,75.8617589158906,0.480979017909838,0.3506685494068298
75,0.25,0.4451578965636113,0.45340843309757567,0.44845747980492323,Community 1,118.34581853488253,117.69204549650664,0.49723373930663683,0.5034640670999562
75,0.5,0.44968093494120104,0.44519400868968595,0.4427872304286946,Community 1,99.7955140245471,94.43377850723614,0.5418347052306198,0.3189527704164008
75,0.75,0.43411114923472477,0.4412291946368265,0.43776482313706716,Community 2,78.87043180979022,79.90995106630022,0.4015099502991244,0.33946689886495773
76,0.25,0.442116359461607,0.436141467492737,0.4379977021599599,Community 2,116.75887330631566,118.69120173694115,0.43224030818708314,0.49526481345233475
76,0.5,0.4436613801397685,0.43546331476685474,0.4388031844067314,Community 1,97.1918130147961,96.89149653225186,0.3637899064691731,0.46465925964802623
76,0.75,0.4466578669951096,0.4462078532402943,0.4474358630140112,Community 2,78.5109466677822,80.27268611678463,0.4825625783839841,0.5188093569202095
77,0.25,0.4488223436437943,0.4486056604168922,0.4463944459565833,Community 2,117.1993857101169,118.65832177073143,0.4746685410874636,0.5227667934804148
77,0.5,0.43635220826191623,0.43670819161873264,0.4375003246076718,Community 2,93.37051129748622,100.94675701035389,0.2881575573292062,0.49707471499657596
77,0.75,0.4403361323665107,0.44188267052050545,0.43933607129047725,Community 2,76.64447940090605,81.89532717334535,0.33832307509000537,0.4647017880531813
78,0.25,0.44201403111185317,0.4364677924428232,0.4354388800053591,Community 2,117.47760024492267,118.01577299662748,0.3968195716830025,0.44438426664537156
78,0.5,0.4379744097011373,0.43592827414997243,0.43402958745864884,Community 1,98.20268068963233,95.63063298357352,0.1856241119628499,0.27851126975275375
78,0.75,0.4396826243896507,0.4367295016626868,0.4401755770917139,Community 2,78.91984615871887,79.37104141511541,0.5610095218304829,0.42000024391152535
79,0.25,0.43502460220289524,0.44838746255350315,0.44297009441652,Community 1,118.8108125924564,116.804757788996,0.46886042147333384,0.4348229847399736
79,0.5,0.45025862988111487,0.433353466732773,0.44209661377742493,Community 1,97.4492856428347,96.50185051377309,0.5110754664991493,0.34661068242304516
79,0.75,0.447658026512608,0.4351052736328238,0.4417445106552787,Community 1,83.16340470750242,75.24640722685686,0.4884758945650042,0.42614531116872634
80,0.25,0.43494509522133734,0.4426698642301698,0.43708120207664136,Community 2,117.7994978170321,117.80271632408704,0.50129443393812,0.4756110867238864
80,0.5,0.439142499109716,0.44931121074925345,0.44545206233929635,Community 2,96.52208138906929,97.2642977620522,0.5730122857389989,0.6003054490992783
80,0.75,0.4416239276748884,0.4421905280557352,0.43942116117468416,Community 2,78.78303711692182,79.60542291825902,0.4194726493300289,0.4134090432445029
81,0.25,0.45149976771677786,0.44121163217325454,0.4458666468439819,Community 1,120.73282112780204,115.05962691242202,0.5458004071096236,0.42871089303380816
81,0.5,0.4438349665446146,0.4447577986083845,0.44451668005513645,Community 1,99.04714178377532,95.32870612492836,0.4498958638924272,0.3436479423238813
81,0.75,0.448863418653217,0.45621810615208996,0.45322990321583145,Community 1,81.66197560012036,77.11213280081117,0.43719234267991014,0.41729099282337
82,0.25,0.4396890393727604,0.4483495074646969,0.44107468616744544,Community 1,117.85746063324825,117.82805937163494,0.48677305411765126,0.48450466704700335
82,0.5,0.43704773854337375,0.4306723463436675,0.4324359857093573,Community 1,99.50176679902418,94.52614169310203,0.48172767647740733,0.2202667955731079
82,0.75,0.4558547552673986,0.4358246269161351,0.44583827398774145,Community 1,80.99949284364277,77.83094747382899,0.5102717360762211,0.281548046471192
83,0.25,0.434946777618022,0.45046234796429235,0.4444544022257925,Community 1,120.62262592649546,115.44916077889542,0.4664870700156116,0.4265227816078434
83,0.5,0.44193236643991635,0.45286530138714537,0.44763655369545874,Community 2,96.72216829412999,97.25563289297479,0.44529637578314085,0.5675040720803496
83,0.75,0.4375250728136172,0.43515392262991553,0.4357345813030821,Community 1,79.77919060379534,78.60827533933313,0.4784181320943436,0.4035635479641049
84,0.25,0.44278516338515234,0.43961107529029475,0.4423929366235734,Community 1,118.91184951976746,116.59642643742532,0.5609297522841717,0.42803901781513476
84,0.5,0.4393620043428988,0.43767352263381665,0.43666542535102304,Community 1,98.23069549736346,96.07878777636864,0.364338646655755,0.3404682974430091
84,0.75,0.4458559295096482,0.4322935427915877,0.44123354797774067,Community 1,83.35928557326568,75.28532098184805,0.5792086156589837,0.3768273873002542
85,0.25,0.44017632035407867,0.445939305523438,0.44386227963702923,Community 1,119.15562222427083,117.05993630103873,0.48490632536878675,0.526271235802424
85,0.5,0.43863060534823706,0.4322967147387127,0.4333413292299402,Community 1,99.15272690795432,94.8523124903777,0.5124948667685821,0.2991695196558244
85,0.75,0.44655408571927774,0.4352153562276075,0.4431209176118341,Community 1,83.39458403033534,74.9910446200583,0.494007997181942,0.47992658592267634
86,0.25,0.44531215867511464,0.4382686284569455,0.43967896200254303,Community 1,118.8675625829372,116.88247252827873,0.5551898935631413,0.47856344221820757
86,0.5,0.4259245382579705,0.4342670282474125,0.4305015635154158,Community 1,97.2336094710549,96.64897338022098,0.3803672506302692,0.4159422877020593
86,0.75,0.4359075260245723,0.43486183999533473,0.4373544172206551,Community 1,79.16838960525742,79.12245869599792,0.49133198086161933,0.4757786349928458
87,0.25,0.4522864082593891,0.44286520322466316,0.44680806098423376,Community 2,117.45615885125521,118.14384136547733,0.5421612557221176,0.5647416084965513
87,0.5,0.43801436648984876,0.4351374695735731,0.437185424555483,Community 1,99.50484692648786,94.41429316600536,0.5829366314598109,0.34924858111429924
87,0.75,0.44340271157425887,0.44285385997209853,0.4428427268876379,Community 1,80.28172838957029,78.21671837329906,0.44363559036555167,0.4262700240989401
88,0.25,0.44683678496964524,0.44619093239785834,0.44364718294859906,Community 2,117.56944679025173,117.76786201021886,0.5117683301004965,0.411984955666724
88,0.5,0.44033829220853865,0.43318273432445503,0.43497613020614817,Community 1,97.84097669578588,96.42828715986107,0.2852790817547356,0.32231115537543853
88,0.75,0.4427855427332589,0.4558923773330984,0.4496841416927975,Community 2,73.51314434020033,85.17813554269598,0.3514736487224731,0.5876940928846275
89,0.25,0.4439565880681201,0.4368520883135799,0.4412098384830927,Community 2,116.88657912259995,118.90110990946253,0.39464490594095014,0.5129814770475073
89,0.5,0.44437895585454373,0.4492538647987146,0.4462357165128341,Community 1,97.63387051710643,96.73377185239917,0.5420222682532627,0.3690410519884606
89,0.75,0.44389358256698486,0.45575189705640745,0.4497351834702218,Community 2,77.41365112209486,81.18989021588915,0.5202370991277069,0.5075616161358265
90,0.25,0.43652028732115966,0.4427844966669977,0.44082139692780814,Community 1,119.78215713776976,115.91382159790423,0.4775585351486483,0.4164008567701655
90,0.5,0.44205172950232496,0.4368368465939734,0.4408108373422982,Community 1,101.00727153967638,93.00720042699413,0.5885248212358587,0.3188366428950463
90,0.75,0.4423569771044432,0.44540817049786646,0.44541342323932664,Community 2,76.53359622036558,81.8429141977964,0.31595363800608756,0.4265398360165559
91,0.25,0.42918043927734695,0.45911666048649236,0.4451726225621842,Community 2,117.64821941635427,118.15049781833457,0.4099868059373373,0.5284656961574915
91,0.5,0.44303566774594594,0.4400483733707976,0.44109806363017956,Community 1,97.68629022928104,96.08179413995886,0.5364239926458001,0.5060558017020119
91,0.75,0.440558806930256,0.4476104701799163,0.4451056673488227,Community 2,76.93213315639616,81.98474370952945,0.3341364583687144,0.4877952774179587
92,0.25,0.4398454070085563,0.4356587804929211,0.4384264876491491,Community 1,118.62526935368328,116.57748824578205,0.5015022855811144,0.47994341427806464
92,0.5,0.44392964681018626,0.4425034737411055,0.44272554319438345,Community 1,99.45136754428852,94.95230312055423,0.5269354753053679,0.4138758554841908
92,0.75,0.43883484974845494,0.44345871292456257,0.43982674871087657,Community 1,79.99838600700463,78.68716703061274,0.35285800349054386,0.17594851311256687
93,0.25,0.43712140157049867,0.44544005522164953,0.4402050307801714,Community 1,118.10499562183841,117.72038213221978,0.36870274452560015,0.36921276674781367
93,0.5,0.4410934443159407,0.4532633062182103,0.4459437306923106,Community 2,94.11529111612144,100.04088104709496,0.3617742789923567,0.5562108636965528
93,0.75,0.4326169495184131,0.43959389170073915,0.434811246944557,Community 2,77.9533754612402,80.53306032819857,0.4619318007312916,0.46008503710094417
94,0.25,0.43639180609460687,0.4473935664453922,0.4394956505784988,Community 2,116.99089819533442,118.47871010850025,0.47675134201069036,0.4870608246241558
94,0.5,0.44147728847177237,0.45277636626605333,0.4483630830845841,Community 2,96.17971104284192,98.24631753161921,0.41055012233445787,0.5492362761377878
94,0.75,0.434841214319582,0.4461890938474236,0.43831358001573534,Community 2,77.54592906597928,80.99537466778133,0.3801509100949839,0.394854233489191
95,0.25,0.45104190776053105,0.4364212004821369,0.4428972338892306,Community 1,119.4493395312344,116.12368530513284,0.5931023586597403,0.38028457671806226
95,0.5,0.44502476497429116,0.43166610389247784,0.439635638788902,Community 2,95.93343864033505,98.22580086934883,0.4816666388746511,0.44120166981858155
95,0.75,0.43348379442395235,0.4534850348258306,0.4448788223307068,Community 2,74.49299770133861,84.3422609100034,0.4062895891614191,0.5784358317353159
96,0.25,0.44589009415940367,0.43820335686993517,0.4417514948671496,Community 1,118.25764923214513,117.55651944194635,0.5460679123549173,0.4862257760626998
96,0.5,0.4377084410320603,0.43564803065820107,0.4367422263283399,Community 1,97.80963366479628,96.6494481540793,0.39551344271231015,0.381175888369373
96,0.75,0.4442989419779346,0.45541792896952404,0.45383734098606476,Community 2,76.84896147897922,81.99634883177615,0.38982403390865283,0.5121982012342641
97,0.25,0.4469362227415779,0.4416538698006281,0.4451181438496587,Community 1,119.48718183156265,116.37629223755026,0.5847426825300226,0.45465689712288215
97,0.5,0.4428165405591477,0.4347981263012675,0.438484670274629,Community 1,97.4081707708364,96.7349081428499,0.41906577808367784,0.375590710815878
97,0.75,0.4351442112211379,0.4402699547934174,0.4355031134585548,Community 2,78.33816202389801,80.32371439532704,0.38364250982824266,0.4320616935217533
98,0.25,0.43208444783003136,0.438728015230827,0.4344783735339547,Community 2,116.73302030152732,118.72062018323786,0.45808742403571223,0.5624253320827979
98,0.5,0.4393526877987493,0.439600336825111,0.44022406735521974,Community 2,95.91388119721731,97.94115209748269,0.5201687813652784,0.5183999372327663
98,0.75,0.4410926192722768,0.44467762465059407,0.44142028395218974,Community 2,74.21341920767874,84.32083266630912,0.24587085854968227,0.4942570816607844
99,0.25,0.4381161227050714,0.4375620528758443,0.4366273176128406,Community 1,119.22627852166977,116.11150991211747,0.44511004087488004,0.42161861063127115
99,0.5,0.4374389948786399,0.43982180960089756,0.43963837868748956,Community 1,98.247597219896,95.7148859662135,0.39922719012149943,0.4567677298602645
99,0.75,0.45218201401145774,0.43336041663057856,0.4416930080629143,Community 1,82.51160860608383,76.02725187249095,0.48368386566163113,0.4487829477127999
