Community,DilutionRate,Mean_Community_CUE,Mean_Community_CUE_surv,Mean_Abundance,Mean_Total_Abundance,Mean_Competition,Mean_Facilitation,Mean_Depletion,Mean_UptakeVar,Num_Survivors
1,0.01,0.44062204919344156,0.4406220494274195,1.230748941323527,123.07489413235272,0.7516095091352184,0.001001200017443279,23.117903225087527,3.3075171545619524e-05,129
1,0.05,0.44062204919344156,0.4406220494274195,1.230748941323527,123.07489413235272,0.7516095091352184,0.001001200017443279,23.117903225087527,3.3075171545619524e-05,129
1,0.1,0.44062204919344156,0.4406220494274195,1.230748941323527,123.07489413235272,0.7516095091352184,0.001001200017443279,23.117903225087527,3.3075171545619524e-05,129
2,0.01,0.4444516496803388,0.44445164995824693,1.2310470817031414,123.10470817031414,0.7518225663906345,0.0010029453162558207,23.020182700370892,3.308094416997695e-05,122
2,0.05,0.4444516496803388,0.44445164995824693,1.2310470817031414,123.10470817031414,0.7518225663906345,0.0010029453162558207,23.020182700370892,3.308094416997695e-05,122
2,0.1,0.4444516496803388,0.44445164995824693,1.2310470817031414,123.10470817031414,0.7518225663906345,0.0010029453162558207,23.020182700370892,3.308094416997695e-05,122
3,0.01,0.4471537425686007,0.4471537427676538,0.6163568073457982,123.27136146915964,0.7518534691508301,0.0010020726668495499,22.684097141091197,3.3078057857798235e-05,123
3,0.05,0.4471530139645443,0.4471530140309517,0.6163569102358366,123.27138204716732,0.7518534691508301,0.0010020726668495499,22.684052046543048,3.3078057857798235e-05,123
3,0.1,0.44715280231207255,0.44715280232964466,0.616356926364975,123.27138527299499,0.7518534691508301,0.0010020726668495499,22.684038416386706,3.3078057857798235e-05,122
