b,N_modules,Richness1,Richness2,Richness3,C_feed1,C_feed2,C_feed3,CUE1,CUE2,CUE3,Niche_overlap1,Niche_overlap2,Niche_overlap3
0.1,50,3,4,3,0.714351803851235,0.7223553730763641,0.7183570249113485,0.22058769975377635,0.19603319368486274,0.22059217264727365,0.5158962009040863,0.5281237836153458,0.5224930794240156
0.11800000000000001,49,8,6,7,0.7384820722556378,0.7047600270379789,0.7214943931475574,0.2168675875076519,0.224830557489243,0.2349727487684573,0.5553420894509101,0.5061308761098844,0.5299239020347927
0.136,49,8,11,12,0.7221193820713016,0.7052492088655394,0.7136431652330406,0.18453906210890209,0.19024067815343215,0.1951304982752983,0.5307853895573309,0.5053455997161713,0.5184216340323377
0.15400000000000003,49,12,10,14,0.7006752215255295,0.7006285977695103,0.7006497212167332,0.1821971770454868,0.22713457348388727,0.2192737524943209,0.4991983635411086,0.4997232002294107,0.49961926351077973
0.17200000000000001,49,13,15,14,0.7220261618004575,0.71594569888969,0.7190781675680515,0.15533684551083568,0.18351632247124924,0.18015503814102196,0.5307826421841898,0.521800501824205,0.5263369295351559
0.19,48,13,15,15,0.7379685023880531,0.7219238702591918,0.7299086915666946,0.16393728993748094,0.1523092062197769,0.17248272197583825,0.5540014681709249,0.5316306007427857,0.5431456950396956
0.20800000000000002,48,17,11,21,0.7438705646183388,0.7210536347575212,0.732502755065414,0.150275604458546,0.19327246441918094,0.18704745852466648,0.5634517347495274,0.5303220773906847,0.5466529342595596
0.226,47,19,17,25,0.7116251620974492,0.7057038569056194,0.7086463629794914,0.16297391933443262,0.1778628684931031,0.17829046339140808,0.5171983694862862,0.5099189452028265,0.5133832596877412
0.24400000000000002,47,9,17,14,0.7456055279408447,0.748184038648457,0.7469361527487519,0.2110977255190744,0.18818900918488426,0.2117760894992896,0.5685022996491635,0.5712170668572771,0.5700261926673311
0.262,47,18,16,20,0.7321187747935765,0.7159078701639576,0.7239538454847267,0.17125255511046814,0.16649055113928102,0.17567264338201857,0.5462440616735672,0.5234611999454664,0.5351217214322858
0.28,46,17,17,26,0.7326534152760699,0.7194435242609357,0.7260212687530212,0.18162492606182434,0.1690304926009909,0.18414655858173357,0.5471013821032524,0.5290154043383462,0.538269037883844
0.29800000000000004,46,13,14,18,0.725914989445422,0.7103630404101847,0.7182915135891866,0.18022452148109358,0.1820481543380593,0.19540299924477297,0.5391068550303416,0.5168116949911977,0.5274649469892482
0.31600000000000006,45,19,16,16,0.7233640802968967,0.7358032488486446,0.7295317396958015,0.17930195299276938,0.21837090390678612,0.22034844833170908,0.5343807926161961,0.551812372852179,0.5430475243334925
0.3340000000000001,44,17,14,14,0.7342607306971276,0.7432136294942772,0.738726276980723,0.23102970756628627,0.20545046628271751,0.23348835067364138,0.5489080175512812,0.5637830754401424,0.5565769194624766
0.352,44,16,21,22,0.7375115196140255,0.7507961350839062,0.7441446998917718,0.19555922865106257,0.1637875051437674,0.19866364543254872,0.5554510320295701,0.5747550349223843,0.5652796763922351
0.37,43,18,12,18,0.7535394380964423,0.7432207887717798,0.7483165549870039,0.19163151571348833,0.20183907266848222,0.2192925222535707,0.5784158628498518,0.5637137588401061,0.570855890639411
0.388,42,14,19,21,0.7451793638200648,0.7689656217040334,0.757076862960065,0.21840749407401203,0.1877629726657209,0.22245904079141093,0.5643539668922767,0.5998676255250946,0.5826025126674603
0.406,42,20,19,21,0.759682719122718,0.7406294099924169,0.7501584558727067,0.15544727973712658,0.19238231153941904,0.1928945029962306,0.587281951699319,0.5568260651948678,0.5722832239588616
0.42400000000000004,41,22,14,20,0.7479633746465371,0.7251298236662529,0.7364847692888743,0.18170162531296355,0.22032548073641026,0.2215844016549439,0.5676706235538856,0.5324177859421023,0.5501248674582424
0.44200000000000006,40,15,15,15,0.7366950585671374,0.7636759241253228,0.750226348931091,0.20289682350743968,0.22469322468553243,0.22833590154618386,0.5493212349903998,0.5905138163050991,0.5692294394214107
0.4600000000000001,39,14,14,14,0.7445734026611217,0.7569653374964417,0.7507401006550146,0.2318123637854446,0.2263118368063646,0.23845479741161105,0.5631160666871752,0.5812953060571259,0.5726625269855519
0.4780000000000001,39,15,21,23,0.7683108106310301,0.7437239207772705,0.7560238237245749,0.20934946391758552,0.19265400382249437,0.21078645524923356,0.5978598653174545,0.561013568812422,0.5795611448725692
0.496,38,11,13,13,0.763670361087049,0.7711122659984244,0.7673123151413613,0.2368465168551614,0.23183800686264197,0.2425950952607129,0.592038537386974,0.6030715276193686,0.5976337834458667
0.514,37,22,15,19,0.7491542016177691,0.7613779636841909,0.7552474193525852,0.19112896878840524,0.21843945314564736,0.21782427316742667,0.571129429883193,0.5890608857023464,0.5800012322527013
0.532,36,10,13,14,0.7516472163178605,0.7625310510864117,0.7570227933211902,0.27305804176795695,0.22470989834417876,0.27027221667796963,0.5734687677298985,0.5907466705531356,0.5822793290626003
0.55,35,20,20,27,0.7611033853208956,0.7590154755555268,0.7601121983435153,0.19413165597770965,0.20843365028576857,0.20778440926961514,0.5880906214517615,0.5843810987588062,0.5869327667397755
0.5680000000000001,34,14,10,13,0.77056288553227,0.7631278727042468,0.7668084036648012,0.2225656053374678,0.24928556115335854,0.2483083805239731,0.6028893394901637,0.5911193747301203,0.596003362600207
0.5860000000000001,33,15,14,17,0.769057488941219,0.7800992012636644,0.7745758959489335,0.23292543779369745,0.22921096669204666,0.24753915369290458,0.5970865316148708,0.6162976735430431,0.6067762617357099
0.604,32,15,10,12,0.7904722908289571,0.7798198870659706,0.785147278919793,0.23755503039698134,0.2752291274720703,0.2755908101918573,0.6321332096333596,0.6154186955692733,0.6244069505107857
0.622,31,17,16,18,0.7889276203129415,0.7719494099329509,0.7804864319570641,0.21943632027804125,0.22480934860766857,0.22860817609376188,0.6308839787811866,0.6053376580835954,0.6181741355917457
0.64,30,16,15,19,0.7942346617952335,0.7842714580668204,0.7891865151907486,0.21556181614974848,0.2322066297282788,0.24699471599560327,0.6392335967827366,0.6223612262913149,0.6305857493989476
0.658,28,15,11,19,0.7864155255143284,0.7905901337238247,0.7884351865228076,0.22601279628174567,0.23779624717588876,0.24318203894542348,0.6269989442808688,0.6332122224309884,0.6294629159704616
0.676,27,13,11,14,0.7921167090438676,0.7823365306499848,0.7872520877810516,0.27243821492533854,0.24721873203769149,0.27926102347035386,0.634407212575831,0.6205696772996698,0.6276088285833208
0.6940000000000001,26,13,12,16,0.7990049968261654,0.801531650926053,0.8002791805399713,0.2332733088754669,0.27493616844107954,0.2762323854646358,0.6473683316168721,0.6510603853706064,0.648749678737035
0.7120000000000001,25,13,16,16,0.7942325174180198,0.803848099223192,0.7990389408750304,0.2539927746166468,0.24147577534696157,0.2564441422372881,0.6363080503905303,0.6519802959860569,0.6449108847935116
0.7300000000000001,23,17,21,22,0.7969201662720194,0.8058403576625691,0.8014104405268904,0.26012504848475715,0.22977439632505411,0.25900800565720233,0.6420253551666156,0.6557316671830565,0.649088192839703
0.7480000000000001,22,18,17,19,0.8044768132240623,0.807982679894551,0.8062648791313594,0.24681592151323392,0.24559277216745076,0.25262531880343464,0.6550662791059536,0.6596185642658318,0.6568291034865608
0.766,21,17,15,17,0.8080375005298864,0.8040311284087025,0.8060999782755428,0.2265369297722455,0.2790014208984087,0.26932557462453427,0.6591288062158976,0.6533423472816574,0.6565246971522051
0.784,19,13,15,15,0.8149209048246996,0.8115060180455466,0.8131570434905194,0.25375779033078594,0.2519813542003818,0.2584296759833486,0.6710765409469656,0.666146885977174,0.6682182417964182
0.802,18,12,12,17,0.8142771989875766,0.8113674836614085,0.8128038546438195,0.26195472946203574,0.29328949844042546,0.3020196686135855,0.6706282905850782,0.6642567673401006,0.667259671532815
0.8200000000000001,16,13,13,12,0.8201084391539556,0.8190216560752724,0.8195984883686377,0.28850985508519256,0.2734891005671151,0.2868534751894287,0.6804936657915817,0.6766456542140105,0.6783452431131478
0.8380000000000001,15,12,17,16,0.8251575042200543,0.8187829223063239,0.8219902183645861,0.2579223590841436,0.27792123425316534,0.28467122556392377,0.687496862023372,0.6768742712196448,0.6819424308855351
0.8560000000000001,13,13,11,10,0.8261883862351422,0.8256745197488936,0.8259072705166549,0.2895343745671536,0.28729296545944943,0.30108717775492483,0.6896380730089112,0.687854788491422,0.6886437444884423
0.8740000000000001,12,17,16,11,0.8297910502679492,0.8317199054432578,0.8307104940507891,0.27588494404781244,0.2521011528517217,0.2780560395364639,0.6958390007641817,0.6981875918313974,0.6968004368917297
0.892,10,13,11,12,0.8348284870339582,0.8323625908375084,0.8335698965777647,0.27647552277675924,0.2997411343975361,0.3006233767644603,0.703163464850716,0.6983916005732081,0.700897496961241
0.91,9,13,12,15,0.8444647237071875,0.8416570980452662,0.8430222464768894,0.26992640406514323,0.27238585251778713,0.27821628260054876,0.719661243860352,0.7159683069140141,0.7170523672384316
0.928,7,8,12,10,0.8480660975638641,0.8460962879816968,0.8470667128359793,0.3083409360293818,0.2729168244859793,0.3072876926141117,0.7251481122439831,0.7222330640497575,0.7237224921641436
0.9460000000000001,5,12,8,11,0.8487669434832295,0.8499405256522188,0.8493289747472188,0.3138258964014486,0.2974054608054674,0.3167230990607004,0.7261990283779844,0.7283829387107209,0.7275407930974622
0.9640000000000001,4,11,13,14,0.8568260665051962,0.8582524344505179,0.857525220720034,0.29556809113703203,0.29345565656929207,0.2966922211140056,0.740508507903831,0.7428447472868576,0.741860903607713
0.9820000000000001,2,16,16,19,0.8611659931175045,0.8552692182450791,0.8581820884889488,0.27445320325462297,0.2799667981038028,0.2833169981877371,0.7477168152575956,0.7372616406802228,0.7428259987497426
1.0,1,9,7,6,0.0,0.0,0.0,0.31010668418482745,0.30919637430213726,0.31991438476559,0.7544432750120796,0.7453453436402249,0.7499185222491344
